sampRate, 200,
sampRateUnits, Hz,
scale, 1.312000e+02,
scaleUnits, dps,
rawData_x,rawData_y,rawData_z,rawData_seconds,data_x,data_y,data_z,data_seconds,
6,-3,-61,0,0.045732,-0.022866,-0.46494,0
62,0,-223,0.005,0.47256,0,-1.6997,0.005
58,-24,-117,0.01,0.44207,-0.18293,-0.89177,0.01
55,14,-88,0.015,0.41921,0.10671,-0.67073,0.015
37,-8,-90,0.02,0.28201,-0.060976,-0.68598,0.02
56,23,-97,0.025,0.42683,0.1753,-0.73933,0.025
55,27,-94,0.03,0.41921,0.20579,-0.71646,0.03
56,23,-97,0.035,0.42683,0.1753,-0.73933,0.035
59,1,-81,0.04,0.4497,0.007622,-0.61738,0.04
64,31,-104,0.045,0.4878,0.23628,-0.79268,0.045
61,33,-110,0.05,0.46494,0.25152,-0.83841,0.05
44,24,-115,0.055,0.33537,0.18293,-0.87652,0.055
28,6,-102,0.06,0.21341,0.045732,-0.77744,0.06
49,22,-105,0.065,0.37348,0.16768,-0.8003,0.065
59,7,-93,0.07,0.4497,0.053354,-0.70884,0.07
46,12,-79,0.075,0.35061,0.091463,-0.60213,0.075
37,-9,-92,0.08,0.28201,-0.068598,-0.70122,0.08
41,4,-74,0.085,0.3125,0.030488,-0.56402,0.085
34,8,-85,0.09,0.25915,0.060976,-0.64787,0.09
51,5,-83,0.095,0.38872,0.03811,-0.63262,0.095
54,19,-92,0.1,0.41159,0.14482,-0.70122,0.1
38,17,-102,0.105,0.28963,0.12957,-0.77744,0.105
7,64,-76,0.11,0.053354,0.4878,-0.57927,0.11
27,24,-72,0.115,0.20579,0.18293,-0.54878,0.115
17,15,-95,0.12,0.12957,0.11433,-0.72409,0.12
20,-2,-87,0.125,0.15244,-0.015244,-0.66311,0.125
4,29,-89,0.13,0.030488,0.22104,-0.67835,0.13
23,16,-93,0.135,0.1753,0.12195,-0.70884,0.135
10,3,-83,0.14,0.07622,0.022866,-0.63262,0.14
18,-16,-97,0.145,0.1372,-0.12195,-0.73933,0.145
18,12,-65,0.15,0.1372,0.091463,-0.49543,0.15
47,-15,-69,0.155,0.35823,-0.11433,-0.52591,0.155
16,-12,-71,0.16,0.12195,-0.091463,-0.54116,0.16
22,20,-68,0.165,0.16768,0.15244,-0.51829,0.165
27,25,-71,0.17,0.20579,0.19055,-0.54116,0.17
43,44,-69,0.175,0.32774,0.33537,-0.52591,0.175
25,13,-75,0.18,0.19055,0.099085,-0.57165,0.18
14,24,-65,0.185,0.10671,0.18293,-0.49543,0.185
32,42,-72,0.19,0.2439,0.32012,-0.54878,0.19
51,30,-72,0.195,0.38872,0.22866,-0.54878,0.195
4,27,-66,0.2,0.030488,0.20579,-0.50305,0.2
17,26,-59,0.205,0.12957,0.19817,-0.4497,0.205
47,48,-53,0.21,0.35823,0.36585,-0.40396,0.21
20,25,-40,0.215,0.15244,0.19055,-0.30488,0.215
11,37,-67,0.22,0.083841,0.28201,-0.51067,0.22
22,26,-70,0.225,0.16768,0.19817,-0.53354,0.225
22,51,-59,0.23,0.16768,0.38872,-0.4497,0.23
27,25,-53,0.235,0.20579,0.19055,-0.40396,0.235
43,25,-55,0.24,0.32774,0.19055,-0.41921,0.24
23,32,-50,0.245,0.1753,0.2439,-0.3811,0.245
13,32,-50,0.25,0.099085,0.2439,-0.3811,0.25
9,25,-56,0.255,0.068598,0.19055,-0.42683,0.255
12,33,-45,0.26,0.091463,0.25152,-0.34299,0.26
16,41,-48,0.265,0.12195,0.3125,-0.36585,0.265
19,6,-38,0.27,0.14482,0.045732,-0.28963,0.27
16,-15,-37,0.275,0.12195,-0.11433,-0.28201,0.275
15,-3,-40,0.28,0.11433,-0.022866,-0.30488,0.28
17,2,-31,0.285,0.12957,0.015244,-0.23628,0.285
22,24,-5,0.29,0.16768,0.18293,-0.03811,0.29
20,-13,-41,0.295,0.15244,-0.099085,-0.3125,0.295
20,-8,-23,0.3,0.15244,-0.060976,-0.1753,0.3
0,-4,-8,0.305,0,-0.030488,-0.060976,0.305
-20,-8,-18,0.31,-0.15244,-0.060976,-0.1372,0.31
12,18,-13,0.315,0.091463,0.1372,-0.099085,0.315
8,-2,-12,0.32,0.060976,-0.015244,-0.091463,0.32
11,-12,-13,0.325,0.083841,-0.091463,-0.099085,0.325
-2,3,-12,0.33,-0.015244,0.022866,-0.091463,0.33
11,-19,-12,0.335,0.083841,-0.14482,-0.091463,0.335
-3,-5,-6,0.34,-0.022866,-0.03811,-0.045732,0.34
5,-22,-14,0.345,0.03811,-0.16768,-0.10671,0.345
19,-32,-35,0.35,0.14482,-0.2439,-0.26677,0.35
9,0,-30,0.355,0.068598,0,-0.22866,0.355
8,-29,-37,0.36,0.060976,-0.22104,-0.28201,0.36
1,-12,-32,0.365,0.007622,-0.091463,-0.2439,0.365
34,-14,-38,0.37,0.25915,-0.10671,-0.28963,0.37
1,-10,-45,0.375,0.007622,-0.07622,-0.34299,0.375
10,-11,-58,0.38,0.07622,-0.083841,-0.44207,0.38
29,-21,-52,0.385,0.22104,-0.16006,-0.39634,0.385
15,6,-47,0.39,0.11433,0.045732,-0.35823,0.39
16,-11,-52,0.395,0.12195,-0.083841,-0.39634,0.395
12,2,-19,0.4,0.091463,0.015244,-0.14482,0.4
35,-1,-17,0.405,0.26677,-0.007622,-0.12957,0.405
13,-2,-18,0.41,0.099085,-0.015244,-0.1372,0.41
5,2,-22,0.415,0.03811,0.015244,-0.16768,0.415
-14,-17,-13,0.42,-0.10671,-0.12957,-0.099085,0.42
2,-3,-2,0.425,0.015244,-0.022866,-0.015244,0.425
52,-48,8,0.43,0.39634,-0.36585,0.060976,0.43
19,-22,-5,0.435,0.14482,-0.16768,-0.03811,0.435
3,-51,-43,0.44,0.022866,-0.38872,-0.32774,0.44
5,-2,-50,0.445,0.03811,-0.015244,-0.3811,0.445
36,-37,-38,0.45,0.27439,-0.28201,-0.28963,0.45
53,6,-71,0.455,0.40396,0.045732,-0.54116,0.455
12,-2,-67,0.46,0.091463,-0.015244,-0.51067,0.46
16,21,-48,0.465,0.12195,0.16006,-0.36585,0.465
7,11,-52,0.47,0.053354,0.083841,-0.39634,0.47
13,6,-56,0.475,0.099085,0.045732,-0.42683,0.475
28,-29,-42,0.48,0.21341,-0.22104,-0.32012,0.48
32,-14,-46,0.485,0.2439,-0.10671,-0.35061,0.485
28,-11,-45,0.49,0.21341,-0.083841,-0.34299,0.49
30,8,-51,0.495,0.22866,0.060976,-0.38872,0.495
30,30,-63,0.5,0.22866,0.22866,-0.48018,0.5
39,-36,-62,0.505,0.29726,-0.27439,-0.47256,0.505
28,18,-60,0.51,0.21341,0.1372,-0.45732,0.51
42,-1,-61,0.515,0.32012,-0.007622,-0.46494,0.515
18,-1,-66,0.52,0.1372,-0.007622,-0.50305,0.52
26,-12,-32,0.525,0.19817,-0.091463,-0.2439,0.525
16,11,-40,0.53,0.12195,0.083841,-0.30488,0.53
26,31,-53,0.535,0.19817,0.23628,-0.40396,0.535
36,12,-45,0.54,0.27439,0.091463,-0.34299,0.54
22,18,-41,0.545,0.16768,0.1372,-0.3125,0.545
24,11,-53,0.55,0.18293,0.083841,-0.40396,0.55
22,4,-73,0.555,0.16768,0.030488,-0.5564,0.555
31,7,-63,0.56,0.23628,0.053354,-0.48018,0.56
29,-8,-71,0.565,0.22104,-0.060976,-0.54116,0.565
16,14,-77,0.57,0.12195,0.10671,-0.58689,0.57
58,-1,-87,0.575,0.44207,-0.007622,-0.66311,0.575
55,32,-73,0.58,0.41921,0.2439,-0.5564,0.58
17,8,-92,0.585,0.12957,0.060976,-0.70122,0.585
56,-5,-78,0.59,0.42683,-0.03811,-0.59451,0.59
49,29,-67,0.595,0.37348,0.22104,-0.51067,0.595
40,8,-94,0.6,0.30488,0.060976,-0.71646,0.6
41,22,-83,0.605,0.3125,0.16768,-0.63262,0.605
76,29,-84,0.61,0.57927,0.22104,-0.64024,0.61
46,42,-105,0.615,0.35061,0.32012,-0.8003,0.615
58,36,-103,0.62,0.44207,0.27439,-0.78506,0.62
58,62,-120,0.625,0.44207,0.47256,-0.91463,0.625
72,9,-134,0.63,0.54878,0.068598,-1.0213,0.63
65,-2,-138,0.635,0.49543,-0.015244,-1.0518,0.635
48,29,-136,0.64,0.36585,0.22104,-1.0366,0.64
59,46,-118,0.645,0.4497,0.35061,-0.89939,0.645
84,5,-114,0.65,0.64024,0.03811,-0.8689,0.65
61,66,-82,0.655,0.46494,0.50305,-0.625,0.655
40,42,-65,0.66,0.30488,0.32012,-0.49543,0.66
42,7,-69,0.665,0.32012,0.053354,-0.52591,0.665
61,0,-85,0.67,0.46494,0,-0.64787,0.67
66,12,-92,0.675,0.50305,0.091463,-0.70122,0.675
71,-5,-100,0.68,0.54116,-0.03811,-0.7622,0.68
29,35,-110,0.685,0.22104,0.26677,-0.83841,0.685
24,10,-111,0.69,0.18293,0.07622,-0.84604,0.69
19,10,-87,0.695,0.14482,0.07622,-0.66311,0.695
35,28,-62,0.7,0.26677,0.21341,-0.47256,0.7
7,52,-63,0.705,0.053354,0.39634,-0.48018,0.705
19,18,-60,0.71,0.14482,0.1372,-0.45732,0.71
5,53,-43,0.715,0.03811,0.40396,-0.32774,0.715
30,-6,-59,0.72,0.22866,-0.045732,-0.4497,0.72
32,-4,-73,0.725,0.2439,-0.030488,-0.5564,0.725
33,5,-89,0.73,0.25152,0.03811,-0.67835,0.73
42,-1,-97,0.735,0.32012,-0.007622,-0.73933,0.735
55,-11,-88,0.74,0.41921,-0.083841,-0.67073,0.74
15,-8,-101,0.745,0.11433,-0.060976,-0.76982,0.745
31,-26,-111,0.75,0.23628,-0.19817,-0.84604,0.75
29,15,-109,0.755,0.22104,0.11433,-0.83079,0.755
58,25,-102,0.76,0.44207,0.19055,-0.77744,0.76
46,37,-88,0.765,0.35061,0.28201,-0.67073,0.765
51,7,-113,0.77,0.38872,0.053354,-0.86128,0.77
38,38,-96,0.775,0.28963,0.28963,-0.73171,0.775
61,7,-108,0.78,0.46494,0.053354,-0.82317,0.78
72,91,-113,0.785,0.54878,0.6936,-0.86128,0.785
49,2,-130,0.79,0.37348,0.015244,-0.99085,0.79
39,132,-120,0.795,0.29726,1.0061,-0.91463,0.795
63,2,-135,0.8,0.48018,0.015244,-1.029,0.8
14,17,-127,0.805,0.10671,0.12957,-0.96799,0.805
24,24,-79,0.81,0.18293,0.18293,-0.60213,0.81
58,55,-60,0.815,0.44207,0.41921,-0.45732,0.815
51,-25,-72,0.82,0.38872,-0.19055,-0.54878,0.82
45,-11,-68,0.825,0.34299,-0.083841,-0.51829,0.825
61,2,-87,0.83,0.46494,0.015244,-0.66311,0.83
67,123,-87,0.835,0.51067,0.9375,-0.66311,0.835
46,0,-90,0.84,0.35061,0,-0.68598,0.84
27,56,-88,0.845,0.20579,0.42683,-0.67073,0.845
31,39,-105,0.85,0.23628,0.29726,-0.8003,0.85
16,16,-96,0.855,0.12195,0.12195,-0.73171,0.855
59,63,-101,0.86,0.4497,0.48018,-0.76982,0.86
21,18,-91,0.865,0.16006,0.1372,-0.6936,0.865
34,-11,-106,0.87,0.25915,-0.083841,-0.80793,0.87
6,66,-87,0.875,0.045732,0.50305,-0.66311,0.875
13,-9,-88,0.88,0.099085,-0.068598,-0.67073,0.88
42,64,-104,0.885,0.32012,0.4878,-0.79268,0.885
42,-7,-94,0.89,0.32012,-0.053354,-0.71646,0.89
53,9,-108,0.895,0.40396,0.068598,-0.82317,0.895
76,64,-106,0.9,0.57927,0.4878,-0.80793,0.9
48,100,-114,0.905,0.36585,0.7622,-0.8689,0.905
16,-27,-123,0.91,0.12195,-0.20579,-0.9375,0.91
42,22,-117,0.915,0.32012,0.16768,-0.89177,0.915
73,97,-86,0.92,0.5564,0.73933,-0.65549,0.92
66,-5,-81,0.925,0.50305,-0.03811,-0.61738,0.925
32,33,-50,0.93,0.2439,0.25152,-0.3811,0.93
51,20,-60,0.935,0.38872,0.15244,-0.45732,0.935
49,90,-70,0.94,0.37348,0.68598,-0.53354,0.94
43,17,-67,0.945,0.32774,0.12957,-0.51067,0.945
34,27,-73,0.95,0.25915,0.20579,-0.5564,0.95
42,27,-65,0.955,0.32012,0.20579,-0.49543,0.955
37,-41,-81,0.96,0.28201,-0.3125,-0.61738,0.96
35,89,-66,0.965,0.26677,0.67835,-0.50305,0.965
17,-3,-72,0.97,0.12957,-0.022866,-0.54878,0.97
25,36,-71,0.975,0.19055,0.27439,-0.54116,0.975
8,55,-68,0.98,0.060976,0.41921,-0.51829,0.98
57,-4,-83,0.985,0.43445,-0.030488,-0.63262,0.985
43,49,-72,0.99,0.32774,0.37348,-0.54878,0.99
64,-26,-61,0.995,0.4878,-0.19817,-0.46494,0.995
12,59,-60,1,0.091463,0.4497,-0.45732,1
13,-33,-53,1.005,0.099085,-0.25152,-0.40396,1.005
24,23,-42,1.01,0.18293,0.1753,-0.32012,1.01
18,68,-23,1.015,0.1372,0.51829,-0.1753,1.015
34,32,-40,1.02,0.25915,0.2439,-0.30488,1.02
3,64,-49,1.025,0.022866,0.4878,-0.37348,1.025
20,-26,-51,1.03,0.15244,-0.19817,-0.38872,1.03
2,64,-68,1.035,0.015244,0.4878,-0.51829,1.035
18,24,-73,1.04,0.1372,0.18293,-0.5564,1.04
30,15,-58,1.045,0.22866,0.11433,-0.44207,1.045
13,34,-64,1.05,0.099085,0.25915,-0.4878,1.05
39,-34,-62,1.055,0.29726,-0.25915,-0.47256,1.055
14,63,-81,1.06,0.10671,0.48018,-0.61738,1.06
8,7,-78,1.065,0.060976,0.053354,-0.59451,1.065
49,-12,-64,1.07,0.37348,-0.091463,-0.4878,1.07
20,80,-72,1.075,0.15244,0.60976,-0.54878,1.075
41,24,-74,1.08,0.3125,0.18293,-0.56402,1.08
33,31,-65,1.085,0.25152,0.23628,-0.49543,1.085
22,22,-80,1.09,0.16768,0.16768,-0.60976,1.09
36,-18,-82,1.095,0.27439,-0.1372,-0.625,1.095
26,12,-96,1.1,0.19817,0.091463,-0.73171,1.1
34,14,-95,1.105,0.25915,0.10671,-0.72409,1.105
14,-10,-87,1.11,0.10671,-0.07622,-0.66311,1.11
28,-11,-75,1.115,0.21341,-0.083841,-0.57165,1.115
52,7,-73,1.12,0.39634,0.053354,-0.5564,1.12
23,10,-70,1.125,0.1753,0.07622,-0.53354,1.125
22,6,-56,1.13,0.16768,0.045732,-0.42683,1.13
27,22,-82,1.135,0.20579,0.16768,-0.625,1.135
55,29,-68,1.14,0.41921,0.22104,-0.51829,1.14
35,39,-96,1.145,0.26677,0.29726,-0.73171,1.145
45,-48,-88,1.15,0.34299,-0.36585,-0.67073,1.15
38,6,-78,1.155,0.28963,0.045732,-0.59451,1.155
60,26,-90,1.16,0.45732,0.19817,-0.68598,1.16
35,-13,-86,1.165,0.26677,-0.099085,-0.65549,1.165
55,41,-91,1.17,0.41921,0.3125,-0.6936,1.17
46,-34,-80,1.175,0.35061,-0.25915,-0.60976,1.175
41,24,-103,1.18,0.3125,0.18293,-0.78506,1.18
48,2,-83,1.185,0.36585,0.015244,-0.63262,1.185
30,50,-107,1.19,0.22866,0.3811,-0.81555,1.19
44,-12,-98,1.195,0.33537,-0.091463,-0.74695,1.195
29,36,-61,1.2,0.22104,0.27439,-0.46494,1.2
21,-49,-48,1.205,0.16006,-0.37348,-0.36585,1.205
51,48,-56,1.21,0.38872,0.36585,-0.42683,1.21
5,2,-76,1.215,0.03811,0.015244,-0.57927,1.215
21,-22,-75,1.22,0.16006,-0.16768,-0.57165,1.22
17,26,-76,1.225,0.12957,0.19817,-0.57927,1.225
24,38,-57,1.23,0.18293,0.28963,-0.43445,1.23
13,26,-64,1.235,0.099085,0.19817,-0.4878,1.235
21,9,-68,1.24,0.16006,0.068598,-0.51829,1.24
13,17,-60,1.245,0.099085,0.12957,-0.45732,1.245
3,-1,-44,1.25,0.022866,-0.007622,-0.33537,1.25
21,-17,-37,1.255,0.16006,-0.12957,-0.28201,1.255
-5,7,-53,1.26,-0.03811,0.053354,-0.40396,1.26
20,9,-45,1.265,0.15244,0.068598,-0.34299,1.265
34,10,-43,1.27,0.25915,0.07622,-0.32774,1.27
39,21,-35,1.275,0.29726,0.16006,-0.26677,1.275
30,3,-42,1.28,0.22866,0.022866,-0.32012,1.28
11,-7,-50,1.285,0.083841,-0.053354,-0.3811,1.285
36,-6,-67,1.29,0.27439,-0.045732,-0.51067,1.29
-7,21,-59,1.295,-0.053354,0.16006,-0.4497,1.295
0,-44,-40,1.3,0,-0.33537,-0.30488,1.3
35,31,-35,1.305,0.26677,0.23628,-0.26677,1.305
14,26,-31,1.31,0.10671,0.19817,-0.23628,1.31
11,11,-32,1.315,0.083841,0.083841,-0.2439,1.315
14,35,-37,1.32,0.10671,0.26677,-0.28201,1.32
1,-19,-29,1.325,0.007622,-0.14482,-0.22104,1.325
16,-25,-50,1.33,0.12195,-0.19055,-0.3811,1.33
24,14,-54,1.335,0.18293,0.10671,-0.41159,1.335
32,-10,-42,1.34,0.2439,-0.07622,-0.32012,1.34
23,-29,-73,1.345,0.1753,-0.22104,-0.5564,1.345
29,11,-81,1.35,0.22104,0.083841,-0.61738,1.35
21,0,-74,1.355,0.16006,0,-0.56402,1.355
28,-56,-64,1.36,0.21341,-0.42683,-0.4878,1.36
28,12,-51,1.365,0.21341,0.091463,-0.38872,1.365
36,34,-72,1.37,0.27439,0.25915,-0.54878,1.37
23,-6,-64,1.375,0.1753,-0.045732,-0.4878,1.375
34,-9,-55,1.38,0.25915,-0.068598,-0.41921,1.38
10,-12,-52,1.385,0.07622,-0.091463,-0.39634,1.385
6,66,-62,1.39,0.045732,0.50305,-0.47256,1.39
22,-29,-66,1.395,0.16768,-0.22104,-0.50305,1.395
8,97,-61,1.4,0.060976,0.73933,-0.46494,1.4
13,-38,-45,1.405,0.099085,-0.28963,-0.34299,1.405
24,-13,-70,1.41,0.18293,-0.099085,-0.53354,1.41
4,-53,-73,1.415,0.030488,-0.40396,-0.5564,1.415
37,7,-71,1.42,0.28201,0.053354,-0.54116,1.42
34,29,-51,1.425,0.25915,0.22104,-0.38872,1.425
11,0,-42,1.43,0.083841,0,-0.32012,1.43
40,38,-56,1.435,0.30488,0.28963,-0.42683,1.435
-1,22,-43,1.44,-0.007622,0.16768,-0.32774,1.44
13,-9,-42,1.445,0.099085,-0.068598,-0.32012,1.445
0,-45,-62,1.45,0,-0.34299,-0.47256,1.45
21,-25,-65,1.455,0.16006,-0.19055,-0.49543,1.455
20,-32,-50,1.46,0.15244,-0.2439,-0.3811,1.46
10,8,-39,1.465,0.07622,0.060976,-0.29726,1.465
25,6,-26,1.47,0.19055,0.045732,-0.19817,1.47
4,-4,-24,1.475,0.030488,-0.030488,-0.18293,1.475
14,-20,-19,1.48,0.10671,-0.15244,-0.14482,1.48
30,8,-33,1.485,0.22866,0.060976,-0.25152,1.485
32,-15,-58,1.49,0.2439,-0.11433,-0.44207,1.49
34,-39,-67,1.495,0.25915,-0.29726,-0.51067,1.495
26,-1,-66,1.5,0.19817,-0.007622,-0.50305,1.5
-2,4,-55,1.505,-0.015244,0.030488,-0.41921,1.505
0,-12,-43,1.51,0,-0.091463,-0.32774,1.51
20,9,-43,1.515,0.15244,0.068598,-0.32774,1.515
20,-24,-9,1.52,0.15244,-0.18293,-0.068598,1.52
14,-21,-16,1.525,0.10671,-0.16006,-0.12195,1.525
30,-26,-51,1.53,0.22866,-0.19817,-0.38872,1.53
28,-29,-60,1.535,0.21341,-0.22104,-0.45732,1.535
21,26,-68,1.54,0.16006,0.19817,-0.51829,1.54
20,46,-59,1.545,0.15244,0.35061,-0.4497,1.545
16,10,-51,1.55,0.12195,0.07622,-0.38872,1.55
-20,7,-59,1.555,-0.15244,0.053354,-0.4497,1.555
21,23,-34,1.56,0.16006,0.1753,-0.25915,1.56
8,-16,-35,1.565,0.060976,-0.12195,-0.26677,1.565
35,25,-19,1.57,0.26677,0.19055,-0.14482,1.57
22,-8,-54,1.575,0.16768,-0.060976,-0.41159,1.575
6,34,-74,1.58,0.045732,0.25915,-0.56402,1.58
23,-27,-69,1.585,0.1753,-0.20579,-0.52591,1.585
12,-12,-57,1.59,0.091463,-0.091463,-0.43445,1.59
11,-12,-85,1.595,0.083841,-0.091463,-0.64787,1.595
24,-2,-85,1.6,0.18293,-0.015244,-0.64787,1.6
22,-17,-59,1.605,0.16768,-0.12957,-0.4497,1.605
23,36,-73,1.61,0.1753,0.27439,-0.5564,1.61
20,-13,-53,1.615,0.15244,-0.099085,-0.40396,1.615
4,-6,-37,1.62,0.030488,-0.045732,-0.28201,1.62
11,-29,-46,1.625,0.083841,-0.22104,-0.35061,1.625
-8,4,-56,1.63,-0.060976,0.030488,-0.42683,1.63
15,4,-41,1.635,0.11433,0.030488,-0.3125,1.635
19,29,-54,1.64,0.14482,0.22104,-0.41159,1.64
26,8,-42,1.645,0.19817,0.060976,-0.32012,1.645
27,27,-42,1.65,0.20579,0.20579,-0.32012,1.65
14,-31,-39,1.655,0.10671,-0.23628,-0.29726,1.655
10,49,-48,1.66,0.07622,0.37348,-0.36585,1.66
9,4,-43,1.665,0.068598,0.030488,-0.32774,1.665
6,10,-48,1.67,0.045732,0.07622,-0.36585,1.67
-1,-28,-39,1.675,-0.007622,-0.21341,-0.29726,1.675
-22,-25,-50,1.68,-0.16768,-0.19055,-0.3811,1.68
11,-32,-31,1.685,0.083841,-0.2439,-0.23628,1.685
50,6,-15,1.69,0.3811,0.045732,-0.11433,1.69
23,12,-20,1.695,0.1753,0.091463,-0.15244,1.695
2,-3,-21,1.7,0.015244,-0.022866,-0.16006,1.7
23,-28,-44,1.705,0.1753,-0.21341,-0.33537,1.705
31,3,-29,1.71,0.23628,0.022866,-0.22104,1.71
19,-39,-34,1.715,0.14482,-0.29726,-0.25915,1.715
7,26,-63,1.72,0.053354,0.19817,-0.48018,1.72
26,-25,-42,1.725,0.19817,-0.19055,-0.32012,1.725
-4,-17,-42,1.73,-0.030488,-0.12957,-0.32012,1.73
19,0,-48,1.735,0.14482,0,-0.36585,1.735
57,-12,-27,1.74,0.43445,-0.091463,-0.20579,1.74
31,-27,-48,1.745,0.23628,-0.20579,-0.36585,1.745
19,-12,-66,1.75,0.14482,-0.091463,-0.50305,1.75
30,-8,-60,1.755,0.22866,-0.060976,-0.45732,1.755
46,-6,-47,1.76,0.35061,-0.045732,-0.35823,1.76
34,-35,-64,1.765,0.25915,-0.26677,-0.4878,1.765
20,-14,-54,1.77,0.15244,-0.10671,-0.41159,1.77
27,-4,-52,1.775,0.20579,-0.030488,-0.39634,1.775
22,-21,-67,1.78,0.16768,-0.16006,-0.51067,1.78
22,19,-45,1.785,0.16768,0.14482,-0.34299,1.785
5,-54,-41,1.79,0.03811,-0.41159,-0.3125,1.79
-4,13,-40,1.795,-0.030488,0.099085,-0.30488,1.795
0,29,-48,1.8,0,0.22104,-0.36585,1.8
7,30,-50,1.805,0.053354,0.22866,-0.3811,1.805
22,-9,-40,1.81,0.16768,-0.068598,-0.30488,1.81
25,-12,-39,1.815,0.19055,-0.091463,-0.29726,1.815
25,30,-33,1.82,0.19055,0.22866,-0.25152,1.82
22,-4,-37,1.825,0.16768,-0.030488,-0.28201,1.825
0,2,-34,1.83,0,0.015244,-0.25915,1.83
-9,-16,-49,1.835,-0.068598,-0.12195,-0.37348,1.835
12,31,-64,1.84,0.091463,0.23628,-0.4878,1.84
28,-7,-72,1.845,0.21341,-0.053354,-0.54878,1.845
19,4,-60,1.85,0.14482,0.030488,-0.45732,1.85
28,9,-41,1.855,0.21341,0.068598,-0.3125,1.855
34,-13,-45,1.86,0.25915,-0.099085,-0.34299,1.86
16,16,-30,1.865,0.12195,0.12195,-0.22866,1.865
21,4,-39,1.87,0.16006,0.030488,-0.29726,1.87
10,-1,-40,1.875,0.07622,-0.007622,-0.30488,1.875
12,4,-45,1.88,0.091463,0.030488,-0.34299,1.88
8,-17,-41,1.885,0.060976,-0.12957,-0.3125,1.885
8,27,-39,1.89,0.060976,0.20579,-0.29726,1.89
-1,-21,-36,1.895,-0.007622,-0.16006,-0.27439,1.895
-10,1,-47,1.9,-0.07622,0.007622,-0.35823,1.9
12,-2,-42,1.905,0.091463,-0.015244,-0.32012,1.905
18,-39,-9,1.91,0.1372,-0.29726,-0.068598,1.91
3,18,-17,1.915,0.022866,0.1372,-0.12957,1.915
23,-26,-22,1.92,0.1753,-0.19817,-0.16768,1.92
7,23,-9,1.925,0.053354,0.1753,-0.068598,1.925
5,-38,-31,1.93,0.03811,-0.28963,-0.23628,1.93
29,-13,-30,1.935,0.22104,-0.099085,-0.22866,1.935
37,-12,-53,1.94,0.28201,-0.091463,-0.40396,1.94
23,-26,-33,1.945,0.1753,-0.19817,-0.25152,1.945
19,18,-39,1.95,0.14482,0.1372,-0.29726,1.95
39,-32,-46,1.955,0.29726,-0.2439,-0.35061,1.955
29,-22,-31,1.96,0.22104,-0.16768,-0.23628,1.96
11,30,-42,1.965,0.083841,0.22866,-0.32012,1.965
26,-88,-50,1.97,0.19817,-0.67073,-0.3811,1.97
20,26,-33,1.975,0.15244,0.19817,-0.25152,1.975
34,-56,-18,1.98,0.25915,-0.42683,-0.1372,1.98
23,38,-11,1.985,0.1753,0.28963,-0.083841,1.985
8,-27,-27,1.99,0.060976,-0.20579,-0.20579,1.99
43,-59,-73,1.995,0.32774,-0.4497,-0.5564,1.995
13,26,-44,2,0.099085,0.19817,-0.33537,2
23,-66,-41,2.005,0.1753,-0.50305,-0.3125,2.005
24,8,-32,2.01,0.18293,0.060976,-0.2439,2.01
-1,26,-27,2.015,-0.007622,0.19817,-0.20579,2.015
-7,4,-43,2.02,-0.053354,0.030488,-0.32774,2.02
24,1,-16,2.025,0.18293,0.007622,-0.12195,2.025
18,9,-70,2.03,0.1372,0.068598,-0.53354,2.03
4,-26,-64,2.035,0.030488,-0.19817,-0.4878,2.035
9,6,-50,2.04,0.068598,0.045732,-0.3811,2.04
29,-48,-44,2.045,0.22104,-0.36585,-0.33537,2.045
22,-14,-82,2.05,0.16768,-0.10671,-0.625,2.05
54,-41,-75,2.055,0.41159,-0.3125,-0.57165,2.055
36,-18,-74,2.06,0.27439,-0.1372,-0.56402,2.06
34,-33,-82,2.065,0.25915,-0.25152,-0.625,2.065
49,-44,-80,2.07,0.37348,-0.33537,-0.60976,2.07
77,-27,-73,2.075,0.58689,-0.20579,-0.5564,2.075
59,30,-77,2.08,0.4497,0.22866,-0.58689,2.08
49,6,-73,2.085,0.37348,0.045732,-0.5564,2.085
38,0,-83,2.09,0.28963,0,-0.63262,2.09
40,-12,-86,2.095,0.30488,-0.091463,-0.65549,2.095
42,10,-68,2.1,0.32012,0.07622,-0.51829,2.1
55,-16,-75,2.105,0.41921,-0.12195,-0.57165,2.105
33,-21,-73,2.11,0.25152,-0.16006,-0.5564,2.11
52,-23,-96,2.115,0.39634,-0.1753,-0.73171,2.115
52,16,-93,2.12,0.39634,0.12195,-0.70884,2.12
43,7,-85,2.125,0.32774,0.053354,-0.64787,2.125
52,9,-90,2.13,0.39634,0.068598,-0.68598,2.13
56,10,-84,2.135,0.42683,0.07622,-0.64024,2.135
59,-1,-89,2.14,0.4497,-0.007622,-0.67835,2.14
61,-6,-90,2.145,0.46494,-0.045732,-0.68598,2.145
54,-4,-79,2.15,0.41159,-0.030488,-0.60213,2.15
53,-33,-98,2.155,0.40396,-0.25152,-0.74695,2.155
46,3,-85,2.16,0.35061,0.022866,-0.64787,2.16
66,-39,-99,2.165,0.50305,-0.29726,-0.75457,2.165
55,18,-99,2.17,0.41921,0.1372,-0.75457,2.17
35,7,-94,2.175,0.26677,0.053354,-0.71646,2.175
34,11,-89,2.18,0.25915,0.083841,-0.67835,2.18
25,8,-85,2.185,0.19055,0.060976,-0.64787,2.185
34,19,-100,2.19,0.25915,0.14482,-0.7622,2.19
24,52,-99,2.195,0.18293,0.39634,-0.75457,2.195
45,61,-77,2.2,0.34299,0.46494,-0.58689,2.2
23,56,-77,2.205,0.1753,0.42683,-0.58689,2.205
22,42,-99,2.21,0.16768,0.32012,-0.75457,2.21
37,33,-87,2.215,0.28201,0.25152,-0.66311,2.215
31,38,-91,2.22,0.23628,0.28963,-0.6936,2.22
17,60,-100,2.225,0.12957,0.45732,-0.7622,2.225
3,51,-74,2.23,0.022866,0.38872,-0.56402,2.23
-22,95,-80,2.235,-0.16768,0.72409,-0.60976,2.235
7,65,-76,2.24,0.053354,0.49543,-0.57927,2.24
12,88,-67,2.245,0.091463,0.67073,-0.51067,2.245
5,85,-74,2.25,0.03811,0.64787,-0.56402,2.25
-6,89,-79,2.255,-0.045732,0.67835,-0.60213,2.255
-4,59,-86,2.26,-0.030488,0.4497,-0.65549,2.26
37,66,-79,2.265,0.28201,0.50305,-0.60213,2.265
9,56,-105,2.27,0.068598,0.42683,-0.8003,2.27
12,33,-108,2.275,0.091463,0.25152,-0.82317,2.275
41,48,-108,2.28,0.3125,0.36585,-0.82317,2.28
39,32,-95,2.285,0.29726,0.2439,-0.72409,2.285
45,18,-72,2.29,0.34299,0.1372,-0.54878,2.29
32,59,-92,2.295,0.2439,0.4497,-0.70122,2.295
36,15,-107,2.3,0.27439,0.11433,-0.81555,2.3
25,44,-97,2.305,0.19055,0.33537,-0.73933,2.305
59,16,-88,2.31,0.4497,0.12195,-0.67073,2.31
37,58,-81,2.315,0.28201,0.44207,-0.61738,2.315
36,36,-84,2.32,0.27439,0.27439,-0.64024,2.32
36,52,-71,2.325,0.27439,0.39634,-0.54116,2.325
44,42,-83,2.33,0.33537,0.32012,-0.63262,2.33
29,13,-96,2.335,0.22104,0.099085,-0.73171,2.335
14,29,-105,2.34,0.10671,0.22104,-0.8003,2.34
9,48,-98,2.345,0.068598,0.36585,-0.74695,2.345
20,14,-105,2.35,0.15244,0.10671,-0.8003,2.35
35,14,-52,2.355,0.26677,0.10671,-0.39634,2.355
44,11,-43,2.36,0.33537,0.083841,-0.32774,2.36
46,2,-35,2.365,0.35061,0.015244,-0.26677,2.365
40,6,-35,2.37,0.30488,0.045732,-0.26677,2.37
26,-6,-52,2.375,0.19817,-0.045732,-0.39634,2.375
15,-1,-44,2.38,0.11433,-0.007622,-0.33537,2.38
16,7,-62,2.385,0.12195,0.053354,-0.47256,2.385
-2,-24,-74,2.39,-0.015244,-0.18293,-0.56402,2.39
10,-1,-57,2.395,0.07622,-0.007622,-0.43445,2.395
44,-28,-51,2.4,0.33537,-0.21341,-0.38872,2.4
44,3,-39,2.405,0.33537,0.022866,-0.29726,2.405
33,-1,-64,2.41,0.25152,-0.007622,-0.4878,2.41
7,27,-64,2.415,0.053354,0.20579,-0.4878,2.415
-14,-8,-44,2.42,-0.10671,-0.060976,-0.33537,2.42
-21,9,-56,2.425,-0.16006,0.068598,-0.42683,2.425
41,9,-84,2.43,0.3125,0.068598,-0.64024,2.43
13,-12,-72,2.435,0.099085,-0.091463,-0.54878,2.435
18,-16,-80,2.44,0.1372,-0.12195,-0.60976,2.44
50,-9,-76,2.445,0.3811,-0.068598,-0.57927,2.445
49,-23,-60,2.45,0.37348,-0.1753,-0.45732,2.45
6,-5,-53,2.455,0.045732,-0.03811,-0.40396,2.455
37,7,-21,2.46,0.28201,0.053354,-0.16006,2.46
28,61,-36,2.465,0.21341,0.46494,-0.27439,2.465
64,0,-31,2.47,0.4878,0,-0.23628,2.47
26,70,-56,2.475,0.19817,0.53354,-0.42683,2.475
19,37,-62,2.48,0.14482,0.28201,-0.47256,2.48
5,68,-57,2.485,0.03811,0.51829,-0.43445,2.485
17,58,-93,2.49,0.12957,0.44207,-0.70884,2.49
-5,24,-78,2.495,-0.03811,0.18293,-0.59451,2.495
18,53,-75,2.5,0.1372,0.40396,-0.57165,2.5
9,9,-66,2.505,0.068598,0.068598,-0.50305,2.505
15,22,-87,2.51,0.11433,0.16768,-0.66311,2.51
41,15,-100,2.515,0.3125,0.11433,-0.7622,2.515
0,33,-106,2.52,0,0.25152,-0.80793,2.52
30,38,-85,2.525,0.22866,0.28963,-0.64787,2.525
29,77,-95,2.53,0.22104,0.58689,-0.72409,2.53
38,30,-99,2.535,0.28963,0.22866,-0.75457,2.535
19,29,-81,2.54,0.14482,0.22104,-0.61738,2.54
17,24,-74,2.545,0.12957,0.18293,-0.56402,2.545
44,31,-83,2.55,0.33537,0.23628,-0.63262,2.55
35,2,-89,2.555,0.26677,0.015244,-0.67835,2.555
39,11,-126,2.56,0.29726,0.083841,-0.96037,2.56
47,7,-126,2.565,0.35823,0.053354,-0.96037,2.565
53,-13,-121,2.57,0.40396,-0.099085,-0.92226,2.57
43,-3,-106,2.575,0.32774,-0.022866,-0.80793,2.575
36,17,-124,2.58,0.27439,0.12957,-0.94512,2.58
51,-11,-111,2.585,0.38872,-0.083841,-0.84604,2.585
35,13,-98,2.59,0.26677,0.099085,-0.74695,2.59
42,9,-105,2.595,0.32012,0.068598,-0.8003,2.595
33,43,-102,2.6,0.25152,0.32774,-0.77744,2.6
42,16,-99,2.605,0.32012,0.12195,-0.75457,2.605
34,28,-117,2.61,0.25915,0.21341,-0.89177,2.61
38,-4,-122,2.615,0.28963,-0.030488,-0.92988,2.615
19,23,-117,2.62,0.14482,0.1753,-0.89177,2.62
49,8,-115,2.625,0.37348,0.060976,-0.87652,2.625
69,26,-122,2.63,0.52591,0.19817,-0.92988,2.63
50,-4,-116,2.635,0.3811,-0.030488,-0.88415,2.635
2,20,-124,2.64,0.015244,0.15244,-0.94512,2.64
18,39,-111,2.645,0.1372,0.29726,-0.84604,2.645
12,21,-96,2.65,0.091463,0.16006,-0.73171,2.65
2,24,-73,2.655,0.015244,0.18293,-0.5564,2.655
30,17,-78,2.66,0.22866,0.12957,-0.59451,2.66
14,31,-66,2.665,0.10671,0.23628,-0.50305,2.665
46,9,-77,2.67,0.35061,0.068598,-0.58689,2.67
49,56,-80,2.675,0.37348,0.42683,-0.60976,2.675
38,8,-86,2.68,0.28963,0.060976,-0.65549,2.68
30,54,-86,2.685,0.22866,0.41159,-0.65549,2.685
41,25,-93,2.69,0.3125,0.19055,-0.70884,2.69
20,35,-92,2.695,0.15244,0.26677,-0.70122,2.695
50,-2,-108,2.7,0.3811,-0.015244,-0.82317,2.7
53,17,-101,2.705,0.40396,0.12957,-0.76982,2.705
59,-10,-87,2.71,0.4497,-0.07622,-0.66311,2.71
36,31,-84,2.715,0.27439,0.23628,-0.64024,2.715
63,-12,-71,2.72,0.48018,-0.091463,-0.54116,2.72
39,19,-68,2.725,0.29726,0.14482,-0.51829,2.725
56,-77,-87,2.73,0.42683,-0.58689,-0.66311,2.73
93,-111,-99,2.735,0.70884,-0.84604,-0.75457,2.735
67,-84,-136,2.74,0.51067,-0.64024,-1.0366,2.74
112,-81,-192,2.745,0.85366,-0.61738,-1.4634,2.745
96,-79,-221,2.75,0.73171,-0.60213,-1.6845,2.75
81,-42,-235,2.755,0.61738,-0.32012,-1.7912,2.755
123,-142,-253,2.76,0.9375,-1.0823,-1.9284,2.76
161,-162,-225,2.765,1.2271,-1.2348,-1.7149,2.765
129,-124,-240,2.77,0.98323,-0.94512,-1.8293,2.77
109,-91,-243,2.775,0.83079,-0.6936,-1.8521,2.775
119,-96,-242,2.78,0.90701,-0.73171,-1.8445,2.78
87,-77,-234,2.785,0.66311,-0.58689,-1.7835,2.785
92,-138,-176,2.79,0.70122,-1.0518,-1.3415,2.79
89,-73,-172,2.795,0.67835,-0.5564,-1.311,2.795
90,-144,-163,2.8,0.68598,-1.0976,-1.2424,2.8
84,-146,-143,2.805,0.64024,-1.1128,-1.0899,2.805
74,-193,-107,2.81,0.56402,-1.471,-0.81555,2.81
96,-206,-82,2.815,0.73171,-1.5701,-0.625,2.815
57,-173,-110,2.82,0.43445,-1.3186,-0.83841,2.82
78,-156,-124,2.825,0.59451,-1.189,-0.94512,2.825
78,-168,-128,2.83,0.59451,-1.2805,-0.97561,2.83
56,-176,-136,2.835,0.42683,-1.3415,-1.0366,2.835
76,-174,-130,2.84,0.57927,-1.3262,-0.99085,2.84
98,-164,-134,2.845,0.74695,-1.25,-1.0213,2.845
204,-232,-15,2.85,1.5549,-1.7683,-0.11433,2.85
219,-244,17,2.855,1.6692,-1.8598,0.12957,2.855
265,-234,25,2.86,2.0198,-1.7835,0.19055,2.86
269,-273,63,2.865,2.0503,-2.0808,0.48018,2.865
303,-277,60,2.87,2.3095,-2.1113,0.45732,2.87
302,-269,35,2.875,2.3018,-2.0503,0.26677,2.875
283,-326,10,2.88,2.157,-2.4848,0.07622,2.88
246,-305,-4,2.885,1.875,-2.3247,-0.030488,2.885
204,-248,-26,2.89,1.5549,-1.8902,-0.19817,2.89
193,-250,-47,2.895,1.471,-1.9055,-0.35823,2.895
124,-205,-51,2.9,0.94512,-1.5625,-0.38872,2.9
122,-217,-70,2.905,0.92988,-1.654,-0.53354,2.905
3,-92,-73,2.91,0.022866,-0.70122,-0.5564,2.91
-15,-71,-66,2.915,-0.11433,-0.54116,-0.50305,2.915
-60,-42,-68,2.92,-0.45732,-0.32012,-0.51829,2.92
-106,-54,-34,2.925,-0.80793,-0.41159,-0.25915,2.925
-133,-44,-2,2.93,-1.0137,-0.33537,-0.015244,2.93
-129,-46,9,2.935,-0.98323,-0.35061,0.068598,2.935
-137,14,86,2.94,-1.0442,0.10671,0.65549,2.94
-139,-9,133,2.945,-1.0595,-0.068598,1.0137,2.945
-163,57,230,2.95,-1.2424,0.43445,1.753,2.95
-119,210,312,2.955,-0.90701,1.6006,2.378,2.955
-176,229,398,2.96,-1.3415,1.7454,3.0335,2.96
-246,198,492,2.965,-1.875,1.5091,3.75,2.965
-573,-229,959,2.97,-4.3674,-1.7454,7.3095,2.97
-559,-240,1024,2.975,-4.2607,-1.8293,7.8049,2.975
-512,-452,1031,2.98,-3.9024,-3.4451,7.8582,2.98
-562,-641,957,2.985,-4.2835,-4.8857,7.2942,2.985
-434,-937,898,2.99,-3.3079,-7.1418,6.8445,2.99
-533,-644,996,2.995,-4.0625,-4.9085,7.5915,2.995
730,-3622,-133,3,5.564,-27.607,-1.0137,3
548,-5773,303,3.005,4.1768,-44.002,2.3095,3.005
-705,-10224,2012,3.01,-5.3735,-77.927,15.335,3.01
-1637,-12144,3854,3.015,-12.477,-92.561,29.375,3.015
-1657,-15953,6239,3.02,-12.63,-121.59,47.553,3.02
-2833,-18754,7758,3.025,-21.593,-142.94,59.131,3.025
-1747,-23685,8163,3.03,-13.316,-180.53,62.218,3.03
-2553,-27684,8201,3.035,-19.459,-211.01,62.508,3.035
-1582,-27975,7489,3.04,-12.058,-213.22,57.081,3.04
115,-30927,7346,3.045,0.87652,-235.72,55.991,3.045
2653,-30005,7304,3.05,20.221,-228.7,55.671,3.05
5204,-31917,7774,3.055,39.665,-243.27,59.253,3.055
158,-31074,21097,3.06,1.2043,-236.84,160.8,3.06
-1365,-26689,20190,3.065,-10.404,-203.42,153.89,3.065
-89,-27056,18325,3.07,-0.67835,-206.22,139.67,3.07
-3011,-21861,19248,3.075,-22.95,-166.62,146.71,3.075
-3751,-21270,16440,3.08,-28.59,-162.12,125.3,3.08
-717,-12199,10460,3.085,-5.4649,-92.98,79.726,3.085
1975,-12799,5931,3.09,15.053,-97.553,45.206,3.09
2955,-13741,5654,3.095,22.523,-104.73,43.095,3.095
3607,-13198,6176,3.1,27.492,-100.59,47.073,3.1
4262,-13404,6514,3.105,32.485,-102.16,49.649,3.105
4758,-12618,6290,3.11,36.265,-96.174,47.942,3.11
4795,-12341,5871,3.115,36.547,-94.063,44.748,3.115
267,-8376,2705,3.12,2.0351,-63.841,20.617,3.12
-823,-7955,2414,3.125,-6.2729,-60.633,18.399,3.125
-2003,-7324,1935,3.13,-15.267,-55.823,14.748,3.13
-2991,-6596,1386,3.135,-22.797,-50.274,10.564,3.135
-3808,-5277,1019,3.14,-29.024,-40.221,7.7668,3.14
-4505,-4057,878,3.145,-34.337,-30.922,6.6921,3.145
-6794,1991,215,3.15,-51.784,15.175,1.6387,3.15
-7249,3412,-181,3.155,-55.252,26.006,-1.3796,3.155
-7788,4705,-632,3.16,-59.36,35.861,-4.8171,3.16
-8333,5812,-1142,3.165,-63.514,44.299,-8.7043,3.165
-8738,6909,-1795,3.17,-66.601,52.66,-13.681,3.17
-8955,7984,-2608,3.175,-68.255,60.854,-19.878,3.175
-8634,12101,-4813,3.18,-65.808,92.233,-36.684,3.18
-8575,12942,-4999,3.185,-65.358,98.643,-38.102,3.185
-8591,13648,-5168,3.19,-65.48,104.02,-39.39,3.19
-8589,14315,-5349,3.195,-65.465,109.11,-40.77,3.195
-8622,14916,-5572,3.2,-65.716,113.69,-42.47,3.2
-8687,15557,-5760,3.205,-66.212,118.57,-43.902,3.205
-8370,18920,-3666,3.21,-63.796,144.21,-27.942,3.21
-8035,19715,-3324,3.215,-61.242,150.27,-25.335,3.215
-7557,20514,-3227,3.22,-57.599,156.36,-24.596,3.22
-7059,21181,-3508,3.225,-53.803,161.44,-26.738,3.225
-6648,21520,-4112,3.23,-50.671,164.02,-31.341,3.23
-6466,21815,-4846,3.235,-49.284,166.27,-36.936,3.235
-5705,23144,-4331,3.24,-43.483,176.4,-33.011,3.24
-5750,23450,-3538,3.245,-43.826,178.73,-26.966,3.245
-5921,23828,-2738,3.25,-45.13,181.62,-20.869,3.25
-6145,24004,-1992,3.255,-46.837,182.96,-15.183,3.255
-6210,24196,-1407,3.26,-47.332,184.42,-10.724,3.26
-6056,24032,-1023,3.265,-46.159,183.17,-7.7973,3.265
-3334,19780,962,3.27,-25.412,150.76,7.3323,3.27
-2971,19425,1224,3.275,-22.645,148.06,9.3293,3.275
-2727,19156,1446,3.28,-20.785,146.01,11.021,3.28
-2510,18557,1570,3.285,-19.131,141.44,11.966,3.285
-2402,17890,1550,3.29,-18.308,136.36,11.814,3.29
-2166,17021,1561,3.295,-16.509,129.73,11.898,3.295
703,12238,825,3.3,5.3582,93.277,6.2881,3.3
1537,10693,153,3.305,11.715,81.502,1.1662,3.305
2320,9365,-597,3.31,17.683,71.38,-4.5503,3.31
2895,8155,-1381,3.315,22.066,62.157,-10.526,3.315
3275,6847,-2009,3.32,24.962,52.188,-15.313,3.32
3637,5565,-2279,3.325,27.721,42.416,-17.37,3.325
4904,656,-85,3.33,37.378,5,-0.64787,3.33
4909,-456,254,3.335,37.416,-3.4756,1.936,3.335
4868,-1534,325,3.34,37.104,-11.692,2.4771,3.34
4759,-2767,204,3.345,36.273,-21.09,1.5549,3.345
4631,-3992,-102,3.35,35.297,-30.427,-0.77744,3.35
4556,-5166,-499,3.355,34.726,-39.375,-3.8034,3.355
4819,-7917,-898,3.36,36.73,-60.343,-6.8445,3.36
4674,-7865,-571,3.365,35.625,-59.947,-4.3521,3.365
4509,-7971,-196,3.37,34.367,-60.755,-1.4939,3.37
4498,-7967,10,3.375,34.284,-60.724,0.07622,3.375
4663,-7786,123,3.38,35.541,-59.345,0.9375,3.38
4957,-7841,69,3.385,37.782,-59.764,0.52591,3.385
8576,-7407,-2123,3.39,65.366,-56.456,-16.181,3.39
9246,-7468,-2436,3.395,70.473,-56.921,-18.567,3.395
10127,-7230,-2817,3.4,77.188,-55.107,-21.471,3.4
10949,-7140,-3146,3.405,83.453,-54.421,-23.979,3.405
11222,-7167,-3345,3.41,85.534,-54.627,-25.495,3.41
10949,-7385,-3406,3.415,83.453,-56.288,-25.96,3.415
9028,-6481,-2417,3.42,68.811,-49.398,-18.422,3.42
8679,-5953,-2038,3.425,66.151,-45.373,-15.534,3.425
8049,-5772,-1601,3.43,61.349,-43.994,-12.203,3.43
7393,-5651,-1386,3.435,56.349,-43.072,-10.564,3.435
6968,-5196,-1316,3.44,53.11,-39.604,-10.03,3.44
6627,-4107,-1147,3.445,50.511,-31.303,-8.7424,3.445
6490,-1274,-1253,3.45,49.466,-9.7104,-9.5503,3.45
6705,-935,-1498,3.455,51.105,-7.1265,-11.418,3.455
7242,-741,-1836,3.46,55.198,-5.6479,-13.994,3.46
8023,-396,-2042,3.465,61.151,-3.0183,-15.564,3.465
8828,-32,-2024,3.47,67.287,-0.2439,-15.427,3.47
9226,522,-1845,3.475,70.32,3.9787,-14.063,3.475
8040,1856,-522,3.48,61.28,14.146,-3.9787,3.48
8626,2288,-643,3.485,65.747,17.439,-4.9009,3.485
10176,2697,-1173,3.49,77.561,20.556,-8.9405,3.49
12179,3242,-1839,3.495,92.828,24.71,-14.017,3.495
14243,3507,-2707,3.5,108.56,26.73,-20.633,3.5
16127,3775,-3804,3.505,122.92,28.773,-28.994,3.505
20136,5819,-5326,3.51,153.48,44.352,-40.595,3.51
20098,6410,-4904,3.515,153.19,48.857,-37.378,3.515
19562,6714,-4318,3.52,149.1,51.174,-32.912,3.52
18772,6866,-3563,3.525,143.08,52.332,-27.157,3.525
17773,6695,-3012,3.53,135.46,51.029,-22.957,3.53
16697,6295,-2589,3.535,127.26,47.98,-19.733,3.535
13602,5700,1089,3.54,103.67,43.445,8.3003,3.54
13987,5655,681,3.545,106.61,43.102,5.1905,3.545
14692,5860,-61,3.55,111.98,44.665,-0.46494,3.55
15707,6494,-771,3.555,119.72,49.497,-5.8765,3.555
16753,7510,-1284,3.56,127.69,57.241,-9.7866,3.56
17552,8368,-1559,3.565,133.78,63.78,-11.883,3.565
16832,9225,-386,3.57,128.29,70.313,-2.9421,3.57
16669,9558,211,3.575,127.05,72.851,1.6082,3.575
16560,9795,851,3.58,126.22,74.657,6.4863,3.58
16168,9628,1312,3.585,123.23,73.384,10,3.585
15785,9059,1439,3.59,120.31,69.047,10.968,3.59
15505,8320,1573,3.595,118.18,63.415,11.989,3.595
14518,5693,3879,3.6,110.66,43.392,29.566,3.6
14000,4493,4567,3.605,106.71,34.245,34.809,3.605
13406,3046,5253,3.61,102.18,23.216,40.038,3.61
12659,1429,5912,3.615,96.486,10.892,45.061,3.615
11626,-268,6356,3.62,88.613,-2.0427,48.445,3.62
10307,-1868,6626,3.625,78.559,-14.238,50.503,3.625
6079,-3375,7819,3.63,46.334,-25.724,59.596,3.63
5551,-2611,8507,3.635,42.309,-19.901,64.84,3.635
5303,-1403,9181,3.64,40.419,-10.694,69.977,3.64
5411,-401,9649,3.645,41.242,-3.0564,73.544,3.645
5818,904,9715,3.65,44.345,6.8902,74.047,3.65
6420,2009,9355,3.655,48.933,15.313,71.303,3.655
10492,3831,4289,3.66,79.97,29.2,32.691,3.66
11628,3029,3367,3.665,88.628,23.087,25.663,3.665
12636,1712,2876,3.67,96.311,13.049,21.921,3.67
13501,273,2833,3.675,102.9,2.0808,21.593,3.675
14259,-1189,3235,3.68,108.68,-9.0625,24.657,3.68
14905,-2632,3903,3.685,113.61,-20.061,29.748,3.685
17176,-16467,3992,3.69,130.91,-125.51,30.427,3.69
17510,-19559,2698,3.695,133.46,-149.08,20.564,3.695
18184,-22591,1356,3.7,138.6,-172.19,10.335,3.7
31107,-31224,-2728,3.705,237.1,-237.99,-20.793,3.705
32367,-32376,-4610,3.71,246.7,-246.77,-35.137,3.71
27864,-27883,-16641,3.715,212.38,-212.52,-126.84,3.715
21163,-25616,-32767,3.72,161.3,-195.24,-249.75,3.72
-3710,-24248,-32767,3.725,-28.277,-184.82,-249.75,3.725
16969,-22704,-32408,3.73,129.34,-173.05,-247.01,3.73
1544,17183,-32767,3.735,11.768,130.97,-249.75,3.735
17367,393,-31323,3.74,132.37,2.9954,-238.74,3.74
15872,6186,-11147,3.745,120.98,47.149,-84.962,3.745
-1129,-291,8771,3.75,-8.6052,-2.218,66.852,3.75
5049,-9291,10085,3.755,38.483,-70.816,76.867,3.755
5258,1173,20896,3.76,40.076,8.9405,159.27,3.76
475,-5336,32732,3.765,3.6204,-40.671,249.48,3.765
8926,-2578,32296,3.77,68.034,-19.649,246.16,3.77
22988,-3583,27041,3.775,175.21,-27.309,206.11,3.775
31511,-736,15542,3.78,240.18,-5.6098,118.46,3.78
31770,3916,8584,3.785,242.15,29.848,65.427,3.785
28163,-2666,8422,3.79,214.66,-20.32,64.192,3.79
-16868,-7854,-30596,3.795,-128.57,-59.863,-233.2,3.795
-17693,-16294,-32325,3.8,-134.86,-124.19,-246.38,3.8
-9023,-8093,-32767,3.805,-68.773,-61.684,-249.75,3.805
5803,5849,-31039,3.81,44.23,44.581,-236.58,3.81
-1935,-16002,-19966,3.815,-14.748,-121.97,-152.18,3.815
-6571,12767,-11790,3.82,-50.084,97.309,-89.863,3.82
-685,-1500,3127,3.825,-5.221,-11.433,23.834,3.825
-1277,-1201,954,3.83,-9.7332,-9.154,7.2713,3.83
-1827,-3122,-1515,3.835,-13.925,-23.796,-11.547,3.835
-1984,-1010,-3760,3.84,-15.122,-7.6982,-28.659,3.84
-1887,-3220,-4696,3.845,-14.383,-24.543,-35.793,3.845
-2576,-1776,-4494,3.85,-19.634,-13.537,-34.253,3.85
934,-3384,-3400,3.855,7.1189,-25.793,-25.915,3.855
2170,-2961,-3515,3.86,16.54,-22.569,-26.791,3.86
2806,-4740,-4321,3.865,21.387,-36.128,-32.934,3.865
1984,-2044,-4277,3.87,15.122,-15.579,-32.599,3.87
3425,-6312,-5707,3.875,26.105,-48.11,-43.498,3.875
4816,-420,-7262,3.88,36.707,-3.2012,-55.351,3.88
9092,-5785,-6692,3.885,69.299,-44.093,-51.006,3.885
10525,-4464,-7319,3.89,80.221,-34.024,-55.785,3.89
12211,-6349,-8036,3.895,93.072,-48.392,-61.25,3.895
13404,-5089,-7192,3.9,102.16,-38.788,-54.817,3.9
13761,-6842,-5758,3.905,104.89,-52.149,-43.887,3.905
18172,-5006,-8752,3.91,138.51,-38.155,-66.707,3.91
19609,-3749,-12015,3.915,149.46,-28.575,-91.578,3.915
16836,-4025,-8002,3.92,128.32,-30.678,-60.991,3.92
10159,-4412,-1755,3.925,77.431,-33.628,-13.377,3.925
4898,-622,125,3.93,37.332,-4.7409,0.95274,3.93
3365,-2400,-1956,3.935,25.648,-18.293,-14.909,3.935
856,832,-2682,3.94,6.5244,6.3415,-20.442,3.94
1780,-1161,3940,3.945,13.567,-8.8491,30.03,3.945
1762,-1086,3250,3.95,13.43,-8.2774,24.771,3.95
1876,273,2340,3.955,14.299,2.0808,17.835,3.955
1891,-48,1841,3.96,14.413,-0.36585,14.032,3.96
1474,841,1729,3.965,11.235,6.4101,13.178,3.965
1392,-189,2014,3.97,10.61,-1.4405,15.351,3.97
831,-2302,3102,3.975,6.3338,-17.546,23.643,3.975
951,-3121,3184,3.98,7.2485,-23.788,24.268,3.98
1456,-3298,2954,3.985,11.098,-25.137,22.515,3.985
1676,-3354,3298,3.99,12.774,-25.564,25.137,3.99
1680,-3535,3382,3.995,12.805,-26.944,25.777,3.995
2300,-3558,2754,4,17.53,-27.119,20.991,4
4767,-3057,844,4.005,36.334,-23.3,6.4329,4.005
4358,-4559,318,4.01,33.216,-34.748,2.4238,4.01
5130,-1210,-1270,4.015,39.101,-9.2226,-9.6799,4.015
8679,-4923,-5416,4.02,66.151,-37.523,-41.28,4.02
10776,-243,-4529,4.025,82.134,-1.8521,-34.52,4.025
8692,-4813,476,4.03,66.25,-36.684,3.628,4.03
2882,894,97,4.035,21.966,6.814,0.73933,4.035
1907,579,-1271,4.04,14.535,4.4131,-9.6875,4.04
726,867,-1537,4.045,5.5335,6.6082,-11.715,4.045
642,-440,-961,4.05,4.8933,-3.3537,-7.3247,4.05
24,-862,445,4.055,0.18293,-6.5701,3.3918,4.055
-443,-1325,1136,4.06,-3.3765,-10.099,8.6585,4.06
545,-878,-495,4.065,4.154,-6.6921,-3.7729,4.065
503,-899,-262,4.07,3.8338,-6.8521,-1.997,4.07
415,-850,49,4.075,3.1631,-6.4787,0.37348,4.075
432,-847,196,4.08,3.2927,-6.4558,1.4939,4.08
398,-786,333,4.085,3.0335,-5.9909,2.5381,4.085
379,-627,248,4.09,2.8887,-4.779,1.8902,4.09
130,-932,374,4.095,0.99085,-7.1037,2.8506,4.095
130,-987,433,4.1,0.99085,-7.5229,3.3003,4.1
56,-999,611,4.105,0.42683,-7.6143,4.657,4.105
81,-1205,748,4.11,0.61738,-9.1845,5.7012,4.11
205,-1130,683,4.115,1.5625,-8.6128,5.2058,4.115
215,-1207,728,4.12,1.6387,-9.1997,5.5488,4.12
369,-969,976,4.125,2.8125,-7.3857,7.439,4.125
360,-1081,1130,4.13,2.7439,-8.2393,8.6128,4.13
448,-785,1043,4.135,3.4146,-5.9832,7.9497,4.135
204,-421,885,4.14,1.5549,-3.2088,6.7454,4.14
45,-475,773,4.145,0.34299,-3.6204,5.8918,4.145
-121,-813,765,4.15,-0.92226,-6.1966,5.8308,4.15
-168,-1078,730,4.155,-1.2805,-8.2165,5.564,4.155
-182,-1011,636,4.16,-1.3872,-7.7058,4.8476,4.16
-195,-1156,648,4.165,-1.4863,-8.811,4.939,4.165
186,-1418,143,4.17,1.4177,-10.808,1.0899,4.17
334,-1356,120,4.175,2.5457,-10.335,0.91463,4.175
346,-1332,227,4.18,2.6372,-10.152,1.7302,4.18
458,-1379,236,4.185,3.4909,-10.511,1.7988,4.185
781,-1356,133,4.19,5.9527,-10.335,1.0137,4.19
1093,-1367,-7,4.195,8.3308,-10.419,-0.053354,4.195
1488,-1808,578,4.2,11.341,-13.78,4.4055,4.2
1065,-402,786,4.205,8.1174,-3.064,5.9909,4.205
1071,-1084,565,4.21,8.1631,-8.2622,4.3064,4.21
991,-184,227,4.215,7.5534,-1.4024,1.7302,4.215
552,-387,36,4.22,4.2073,-2.9497,0.27439,4.22
317,-85,-120,4.225,2.4162,-0.64787,-0.91463,4.225
-116,-374,44,4.23,-0.88415,-2.8506,0.33537,4.23
-135,-280,181,4.235,-1.029,-2.1341,1.3796,4.235
-143,-432,383,4.24,-1.0899,-3.2927,2.9192,4.24
-167,-426,496,4.245,-1.2729,-3.247,3.7805,4.245
-152,-305,483,4.25,-1.1585,-2.3247,3.6814,4.25
-94,-286,432,4.255,-0.71646,-2.1799,3.2927,4.255
-63,-54,180,4.26,-0.48018,-0.41159,1.372,4.26
-84,-133,177,4.265,-0.64024,-1.0137,1.3491,4.265
-93,-76,175,4.27,-0.70884,-0.57927,1.3338,4.27
-82,-165,179,4.275,-0.625,-1.2576,1.3643,4.275
-117,-100,133,4.28,-0.89177,-0.7622,1.0137,4.28
-90,-181,32,4.285,-0.68598,-1.3796,0.2439,4.285
-74,23,-366,4.29,-0.56402,0.1753,-2.7896,4.29
-121,-19,-335,4.295,-0.92226,-0.14482,-2.5534,4.295
-147,-56,-304,4.3,-1.1204,-0.42683,-2.3171,4.3
-105,-63,-323,4.305,-0.8003,-0.48018,-2.4619,4.305
-65,11,-385,4.31,-0.49543,0.083841,-2.9345,4.31
-24,46,-453,4.315,-0.18293,0.35061,-3.4527,4.315
53,87,-802,4.32,0.40396,0.66311,-6.1128,4.32
90,182,-929,4.325,0.68598,1.3872,-7.0808,4.325
139,274,-1043,4.33,1.0595,2.0884,-7.9497,4.33
153,306,-1076,4.335,1.1662,2.3323,-8.2012,4.335
165,306,-1059,4.34,1.2576,2.3323,-8.0716,4.34
161,251,-993,4.345,1.2271,1.9131,-7.5686,4.345
378,390,-1451,4.35,2.8811,2.9726,-11.059,4.35
376,418,-1426,4.355,2.8659,3.186,-10.869,4.355
425,327,-1348,4.36,3.2393,2.4924,-10.274,4.36
386,377,-1236,4.365,2.9421,2.8735,-9.4207,4.365
481,355,-1194,4.37,3.6662,2.7058,-9.1006,4.37
524,408,-1174,4.375,3.9939,3.1098,-8.9482,4.375
940,807,-1506,4.38,7.1646,6.1509,-11.479,4.38
1032,892,-1814,4.385,7.8659,6.7988,-13.826,4.385
1096,992,-2136,4.39,8.3537,7.561,-16.28,4.39
1029,1427,-2804,4.395,7.843,10.877,-21.372,4.395
924,1499,-2998,4.4,7.0427,11.425,-22.851,4.4
890,1523,-3133,4.405,6.7835,11.608,-23.88,4.405
803,1435,-3100,4.41,6.1204,10.938,-23.628,4.41
647,1571,-3033,4.415,4.9314,11.974,-23.117,4.415
617,1332,-3039,4.42,4.7027,10.152,-23.163,4.42
401,1204,-2776,4.425,3.0564,9.1768,-21.159,4.425
420,1130,-2840,4.43,3.2012,8.6128,-21.646,4.43
386,1181,-2896,4.435,2.9421,9.0015,-22.073,4.435
346,1343,-3319,4.44,2.6372,10.236,-25.297,4.44
378,1551,-3376,4.445,2.8811,11.822,-25.732,4.445
402,1338,-3409,4.45,3.064,10.198,-25.983,4.45
475,1553,-3473,4.455,3.6204,11.837,-26.471,4.455
536,1370,-3634,4.46,4.0854,10.442,-27.698,4.46
496,1613,-3774,4.465,3.7805,12.294,-28.765,4.465
868,1096,-4087,4.47,6.6159,8.3537,-31.151,4.47
346,857,-3408,4.475,2.6372,6.532,-25.976,4.475
173,491,-2753,4.48,1.3186,3.7424,-20.983,4.48
2,261,-2290,4.485,0.015244,1.9893,-17.454,4.485
-132,386,-1970,4.49,-1.0061,2.9421,-15.015,4.49
-360,185,-1455,4.495,-2.7439,1.4101,-11.09,4.495
-365,173,-863,4.5,-2.782,1.3186,-6.5777,4.5
-415,89,-559,4.505,-3.1631,0.67835,-4.2607,4.505
-453,35,-191,4.51,-3.4527,0.26677,-1.4558,4.51
-135,-276,1580,4.515,-1.029,-2.1037,12.043,4.515
-63,-243,1542,4.52,-0.48018,-1.8521,11.753,4.52
-94,-128,1406,4.525,-0.71646,-0.97561,10.716,4.525
-232,-26,1333,4.53,-1.7683,-0.19817,10.16,4.53
-398,-25,1428,4.535,-3.0335,-0.19055,10.884,4.535
-553,-72,1555,4.54,-4.2149,-0.54878,11.852,4.54
-1103,-194,2184,4.545,-8.407,-1.4787,16.646,4.545
-1315,-282,2448,4.55,-10.023,-2.1494,18.659,4.55
-1503,-334,2741,4.555,-11.456,-2.5457,20.892,4.555
-1806,-350,3102,4.56,-13.765,-2.6677,23.643,4.56
-2181,-520,3711,4.565,-16.623,-3.9634,28.285,4.565
-2867,-207,4483,4.57,-21.852,-1.5777,34.169,4.57
-4269,904,5450,4.575,-32.538,6.8902,41.54,4.575
-4461,805,5837,4.58,-34.002,6.1357,44.489,4.58
-4109,1082,5863,4.585,-31.319,8.247,44.688,4.585
-3529,1038,5358,4.59,-26.898,7.9116,40.838,4.59
-2376,109,4288,4.595,-18.11,0.83079,32.683,4.595
-762,405,3601,4.6,-5.8079,3.0869,27.447,4.6
15808,-4851,-8168,4.605,120.49,-36.974,-62.256,4.605
17210,-5724,-9111,4.61,131.17,-43.628,-69.444,4.61
19646,-5604,-10255,4.615,149.74,-42.713,-78.163,4.615
21612,-6242,-10694,4.62,164.73,-47.576,-81.509,4.62
19562,-5868,-8895,4.625,149.1,-44.726,-67.797,4.625
16521,-3134,-7087,4.63,125.92,-23.887,-54.017,4.63
11648,-961,-6330,4.635,88.78,-7.3247,-48.247,4.635
10386,-1583,-4949,4.64,79.162,-12.066,-37.721,4.64
9128,-1790,-3137,4.645,69.573,-13.643,-23.91,4.645
8307,-2841,-1495,4.65,63.316,-21.654,-11.395,4.65
7688,-3227,-66,4.655,58.598,-24.596,-0.50305,4.655
7197,-4164,973,4.66,54.855,-31.738,7.4162,4.66
4210,-6158,-1424,4.665,32.088,-46.936,-10.854,4.665
3525,-6267,-1899,4.67,26.867,-47.767,-14.474,4.67
3229,-6629,-2664,4.675,24.611,-50.526,-20.305,4.675
2863,-6402,-3182,4.68,21.822,-48.796,-24.253,4.68
2613,-6373,-3423,4.685,19.916,-48.575,-26.09,4.685
2317,-5896,-3582,4.69,17.66,-44.939,-27.302,4.69
2057,-4280,-3312,4.695,15.678,-32.622,-25.244,4.695
2108,-3795,-3336,4.7,16.067,-28.925,-25.427,4.7
2231,-3150,-3606,4.705,17.005,-24.009,-27.485,4.705
2091,-2836,-4181,4.71,15.938,-21.616,-31.867,4.71
1808,-2667,-4940,4.715,13.78,-20.328,-37.652,4.715
1558,-2900,-5571,4.72,11.875,-22.104,-42.462,4.72
-889,-3368,-7263,4.725,-6.7759,-25.671,-55.358,4.725
-1090,-2701,-7271,4.73,-8.3079,-20.587,-55.419,4.73
-1034,-1630,-7387,4.735,-7.8811,-12.424,-56.303,4.735
-823,-937,-7570,4.74,-6.2729,-7.1418,-57.698,4.74
371,1148,-7243,4.745,2.8277,8.75,-55.206,4.745
3515,5556,-4317,4.75,26.791,42.348,-32.904,4.75
9551,14448,5122,4.755,72.797,110.12,39.04,4.755
12169,9943,-500,4.76,92.752,75.785,-3.811,4.76
13504,9806,-3071,4.765,102.93,74.741,-23.407,4.765
14522,4703,-2349,4.77,110.69,35.846,-17.904,4.77
14239,3946,-1498,4.775,108.53,30.076,-11.418,4.775
13029,2867,-2768,4.78,99.306,21.852,-21.098,4.78
6672,3996,-1849,4.785,50.854,30.457,-14.093,4.785
3584,5146,-562,4.79,27.317,39.223,-4.2835,4.79
2036,4260,-457,4.795,15.518,32.47,-3.4832,4.795
472,5937,-318,4.8,3.5976,45.252,-2.4238,4.8
82,6190,-1163,4.805,0.625,47.18,-8.8643,4.805
-276,5082,-2190,4.81,-2.1037,38.735,-16.692,4.81
-1447,2308,-6391,4.815,-11.029,17.591,-48.712,4.815
-1149,517,-6555,4.82,-8.7576,3.9405,-49.962,4.82
-1655,2282,-6015,4.825,-12.614,17.393,-45.846,4.825
-1639,733,-5285,4.83,-12.492,5.5869,-40.282,4.83
-1430,1712,-4887,4.835,-10.899,13.049,-37.248,4.835
-1084,664,-4204,4.84,-8.2622,5.061,-32.043,4.84
-13,-2,-1261,4.845,-0.099085,-0.015244,-9.6113,4.845
86,202,-784,4.85,0.65549,1.5396,-5.9756,4.85
227,7,-417,4.855,1.7302,0.053354,-3.1784,4.855
338,86,-306,4.86,2.5762,0.65549,-2.3323,4.86
396,135,-342,4.865,3.0183,1.029,-2.6067,4.865
424,38,-400,4.87,3.2317,0.28963,-3.0488,4.87
278,-96,-2195,4.875,2.1189,-0.73171,-16.73,4.875
342,-236,-2445,4.88,2.6067,-1.7988,-18.636,4.88
429,-237,-2812,4.885,3.2698,-1.8064,-21.433,4.885
396,-237,-3082,4.89,3.0183,-1.8064,-23.491,4.89
367,-403,-3311,4.895,2.7973,-3.0716,-25.236,4.895
399,-243,-3402,4.9,3.0412,-1.8521,-25.93,4.9
291,-242,-3022,4.905,2.218,-1.8445,-23.034,4.905
219,-380,-2821,4.91,1.6692,-2.8963,-21.502,4.91
319,-17,-2770,4.915,2.4314,-0.12957,-21.113,4.915
277,-557,-2757,4.92,2.1113,-4.2454,-21.014,4.92
289,-236,-2695,4.925,2.2027,-1.7988,-20.541,4.925
303,-346,-2603,4.93,2.3095,-2.6372,-19.84,4.93
77,-91,-2250,4.935,0.58689,-0.6936,-17.149,4.935
58,117,-2449,4.94,0.44207,0.89177,-18.666,4.94
-25,128,-2693,4.945,-0.19055,0.97561,-20.526,4.945
-159,242,-2871,4.95,-1.2119,1.8445,-21.883,4.95
-215,264,-2887,4.955,-1.6387,2.0122,-22.005,4.955
-215,226,-2812,4.96,-1.6387,1.7226,-21.433,4.96
-245,339,-2068,4.965,-1.8674,2.5838,-15.762,4.965
-228,385,-1847,4.97,-1.7378,2.9345,-14.078,4.97
-186,435,-1641,4.975,-1.4177,3.3155,-12.508,4.975
-190,349,-1415,4.98,-1.4482,2.6601,-10.785,4.98
-182,356,-1206,4.985,-1.3872,2.7134,-9.1921,4.985
-165,310,-992,4.99,-1.2576,2.3628,-7.561,4.99
57,148,-393,4.995,0.43445,1.128,-2.9954,4.995
78,72,-284,5,0.59451,0.54878,-2.1646,5
95,53,-249,5.005,0.72409,0.40396,-1.8979,5.005
71,68,-289,5.01,0.54116,0.51829,-2.2027,5.01
62,66,-418,5.015,0.47256,0.50305,-3.186,5.015
2,7,-531,5.02,0.015244,0.053354,-4.0473,5.02
