sampRate, 25,
sampRateUnits, Hz,
scale, 2048,
scaleUnits, G,
rawData_x,rawData_y,rawData_z,rawData_seconds,data_x,data_y,data_z,data_seconds,
-148,121,2109,0,-0.072266,0.059082,1.0298,0
-148,124,2129,0.04,-0.072266,0.060547,1.0396,0.04
-149,123,2120,0.08,-0.072754,0.060059,1.0352,0.08
-150,127,2119,0.12,-0.073242,0.062012,1.0347,0.12
-152,122,2120,0.16,-0.074219,0.05957,1.0352,0.16
-149,126,2122,0.2,-0.072754,0.061523,1.0361,0.2
-149,123,2124,0.24,-0.072754,0.060059,1.0371,0.24
-148,126,2124,0.28,-0.072266,0.061523,1.0371,0.28
-150,123,2122,0.32,-0.073242,0.060059,1.0361,0.32
-150,124,2122,0.36,-0.073242,0.060547,1.0361,0.36
-148,123,2122,0.4,-0.072266,0.060059,1.0361,0.4
-150,125,2125,0.44,-0.073242,0.061035,1.0376,0.44
-149,127,2123,0.48,-0.072754,0.062012,1.0366,0.48
-150,123,2122,0.52,-0.073242,0.060059,1.0361,0.52
-149,122,2123,0.56,-0.072754,0.05957,1.0366,0.56
-150,123,2122,0.6,-0.073242,0.060059,1.0361,0.6
-150,125,2123,0.64,-0.073242,0.061035,1.0366,0.64
-149,124,2122,0.68,-0.072754,0.060547,1.0361,0.68
-148,124,2122,0.72,-0.072266,0.060547,1.0361,0.72
-149,126,2123,0.76,-0.072754,0.061523,1.0366,0.76
-149,122,2123,0.8,-0.072754,0.05957,1.0366,0.8
-149,124,2124,0.84,-0.072754,0.060547,1.0371,0.84
-150,123,2123,0.88,-0.073242,0.060059,1.0366,0.88
-149,124,2124,0.92,-0.072754,0.060547,1.0371,0.92
-151,126,2126,0.96,-0.07373,0.061523,1.0381,0.96
-150,127,2123,1,-0.073242,0.062012,1.0366,1
-151,121,2125,1.04,-0.07373,0.059082,1.0376,1.04
-149,125,2122,1.08,-0.072754,0.061035,1.0361,1.08
-148,125,2121,1.12,-0.072266,0.061035,1.0356,1.12
-149,127,2124,1.16,-0.072754,0.062012,1.0371,1.16
-151,126,2125,1.2,-0.07373,0.061523,1.0376,1.2
-148,122,2124,1.24,-0.072266,0.05957,1.0371,1.24
-150,124,2124,1.28,-0.073242,0.060547,1.0371,1.28
-149,125,2121,1.32,-0.072754,0.061035,1.0356,1.32
-148,123,2123,1.36,-0.072266,0.060059,1.0366,1.36
-150,122,2124,1.4,-0.073242,0.05957,1.0371,1.4
-148,125,2122,1.44,-0.072266,0.061035,1.0361,1.44
-148,123,2123,1.48,-0.072266,0.060059,1.0366,1.48
-149,126,2125,1.52,-0.072754,0.061523,1.0376,1.52
-149,124,2125,1.56,-0.072754,0.060547,1.0376,1.56
-149,124,2126,1.6,-0.072754,0.060547,1.0381,1.6
-148,124,2124,1.64,-0.072266,0.060547,1.0371,1.64
-148,127,2123,1.68,-0.072266,0.062012,1.0366,1.68
-148,124,2120,1.72,-0.072266,0.060547,1.0352,1.72
-150,123,2127,1.76,-0.073242,0.060059,1.0386,1.76
-150,124,2125,1.8,-0.073242,0.060547,1.0376,1.8
-150,124,2123,1.84,-0.073242,0.060547,1.0366,1.84
-150,122,2127,1.88,-0.073242,0.05957,1.0386,1.88
-150,125,2123,1.92,-0.073242,0.061035,1.0366,1.92
-151,124,2124,1.96,-0.07373,0.060547,1.0371,1.96
-149,123,2125,2,-0.072754,0.060059,1.0376,2
-150,123,2123,2.04,-0.073242,0.060059,1.0366,2.04
-150,124,2123,2.08,-0.073242,0.060547,1.0366,2.08
-150,124,2124,2.12,-0.073242,0.060547,1.0371,2.12
-151,123,2125,2.16,-0.07373,0.060059,1.0376,2.16
-148,125,2125,2.2,-0.072266,0.061035,1.0376,2.2
-147,123,2124,2.24,-0.071777,0.060059,1.0371,2.24
-149,123,2126,2.28,-0.072754,0.060059,1.0381,2.28
-150,122,2124,2.32,-0.073242,0.05957,1.0371,2.32
-148,124,2122,2.36,-0.072266,0.060547,1.0361,2.36
-150,124,2124,2.4,-0.073242,0.060547,1.0371,2.4
-149,123,2125,2.44,-0.072754,0.060059,1.0376,2.44
-148,123,2124,2.48,-0.072266,0.060059,1.0371,2.48
-148,123,2125,2.52,-0.072266,0.060059,1.0376,2.52
-146,124,2124,2.56,-0.071289,0.060547,1.0371,2.56
-148,125,2123,2.6,-0.072266,0.061035,1.0366,2.6
-148,123,2126,2.64,-0.072266,0.060059,1.0381,2.64
-149,123,2127,2.68,-0.072754,0.060059,1.0386,2.68
-149,123,2124,2.72,-0.072754,0.060059,1.0371,2.72
-149,122,2125,2.76,-0.072754,0.05957,1.0376,2.76
-149,123,2123,2.8,-0.072754,0.060059,1.0366,2.8
-150,124,2125,2.84,-0.073242,0.060547,1.0376,2.84
-151,122,2125,2.88,-0.07373,0.05957,1.0376,2.88
-148,124,2125,2.92,-0.072266,0.060547,1.0376,2.92
-150,123,2124,2.96,-0.073242,0.060059,1.0371,2.96
-151,123,2124,3,-0.07373,0.060059,1.0371,3
-150,124,2125,3.04,-0.073242,0.060547,1.0376,3.04
-151,125,2127,3.08,-0.07373,0.061035,1.0386,3.08
-148,122,2126,3.12,-0.072266,0.05957,1.0381,3.12
-149,124,2122,3.16,-0.072754,0.060547,1.0361,3.16
-149,127,2126,3.2,-0.072754,0.062012,1.0381,3.2
-150,123,2122,3.24,-0.073242,0.060059,1.0361,3.24
-149,122,2124,3.28,-0.072754,0.05957,1.0371,3.28
-146,125,2124,3.32,-0.071289,0.061035,1.0371,3.32
-150,124,2125,3.36,-0.073242,0.060547,1.0376,3.36
-150,124,2122,3.4,-0.073242,0.060547,1.0361,3.4
-149,124,2127,3.44,-0.072754,0.060547,1.0386,3.44
-149,124,2126,3.48,-0.072754,0.060547,1.0381,3.48
-150,126,2125,3.52,-0.073242,0.061523,1.0376,3.52
-151,122,2126,3.56,-0.07373,0.05957,1.0381,3.56
-151,123,2125,3.6,-0.07373,0.060059,1.0376,3.6
-150,122,2125,3.64,-0.073242,0.05957,1.0376,3.64
-150,124,2126,3.68,-0.073242,0.060547,1.0381,3.68
-152,123,2122,3.72,-0.074219,0.060059,1.0361,3.72
-150,123,2126,3.76,-0.073242,0.060059,1.0381,3.76
-150,122,2128,3.8,-0.073242,0.05957,1.0391,3.8
-150,124,2124,3.84,-0.073242,0.060547,1.0371,3.84
-149,123,2118,3.88,-0.072754,0.060059,1.0342,3.88
-149,123,2136,3.92,-0.072754,0.060059,1.043,3.92
-153,123,2116,3.96,-0.074707,0.060059,1.0332,3.96
-148,124,2122,4,-0.072266,0.060547,1.0361,4
-153,124,2126,4.04,-0.074707,0.060547,1.0381,4.04
-148,125,2126,4.08,-0.072266,0.061035,1.0381,4.08
-150,124,2128,4.12,-0.073242,0.060547,1.0391,4.12
-149,121,2123,4.16,-0.072754,0.059082,1.0366,4.16
-149,124,2126,4.2,-0.072754,0.060547,1.0381,4.2
-150,124,2126,4.24,-0.073242,0.060547,1.0381,4.24
-147,127,2124,4.28,-0.071777,0.062012,1.0371,4.28
-150,121,2123,4.32,-0.073242,0.059082,1.0366,4.32
-149,122,2120,4.36,-0.072754,0.05957,1.0352,4.36
-151,123,2125,4.4,-0.07373,0.060059,1.0376,4.4
-150,122,2125,4.44,-0.073242,0.05957,1.0376,4.44
-150,122,2124,4.48,-0.073242,0.05957,1.0371,4.48
-151,123,2127,4.52,-0.07373,0.060059,1.0386,4.52
-148,123,2121,4.56,-0.072266,0.060059,1.0356,4.56
-148,122,2124,4.6,-0.072266,0.05957,1.0371,4.6
-150,122,2124,4.64,-0.073242,0.05957,1.0371,4.64
-149,124,2126,4.68,-0.072754,0.060547,1.0381,4.68
-151,121,2124,4.72,-0.07373,0.059082,1.0371,4.72
-151,128,2120,4.76,-0.07373,0.0625,1.0352,4.76
-150,122,2123,4.8,-0.073242,0.05957,1.0366,4.8
-149,123,2116,4.84,-0.072754,0.060059,1.0332,4.84
-147,119,2122,4.88,-0.071777,0.058105,1.0361,4.88
-149,122,2116,4.92,-0.072754,0.05957,1.0332,4.92
-149,124,2123,4.96,-0.072754,0.060547,1.0366,4.96
-151,125,2128,5,-0.07373,0.061035,1.0391,5
-149,124,2124,5.04,-0.072754,0.060547,1.0371,5.04
-150,123,2121,5.08,-0.073242,0.060059,1.0356,5.08
-150,121,2121,5.12,-0.073242,0.059082,1.0356,5.12
-150,121,2127,5.16,-0.073242,0.059082,1.0386,5.16
-150,123,2127,5.2,-0.073242,0.060059,1.0386,5.2
-152,121,2127,5.24,-0.074219,0.059082,1.0386,5.24
-150,123,2123,5.28,-0.073242,0.060059,1.0366,5.28
-150,122,2125,5.32,-0.073242,0.05957,1.0376,5.32
-148,122,2127,5.36,-0.072266,0.05957,1.0386,5.36
-149,124,2126,5.4,-0.072754,0.060547,1.0381,5.4
-148,124,2126,5.44,-0.072266,0.060547,1.0381,5.44
-148,121,2124,5.48,-0.072266,0.059082,1.0371,5.48
-149,121,2125,5.52,-0.072754,0.059082,1.0376,5.52
-150,122,2127,5.56,-0.073242,0.05957,1.0386,5.56
-149,122,2128,5.6,-0.072754,0.05957,1.0391,5.6
-148,124,2124,5.64,-0.072266,0.060547,1.0371,5.64
-150,125,2122,5.68,-0.073242,0.061035,1.0361,5.68
-149,122,2125,5.72,-0.072754,0.05957,1.0376,5.72
-151,122,2127,5.76,-0.07373,0.05957,1.0386,5.76
-150,122,2124,5.8,-0.073242,0.05957,1.0371,5.8
-151,122,2123,5.84,-0.07373,0.05957,1.0366,5.84
-152,121,2125,5.88,-0.074219,0.059082,1.0376,5.88
-150,124,2125,5.92,-0.073242,0.060547,1.0376,5.92
-149,124,2126,5.96,-0.072754,0.060547,1.0381,5.96
-149,121,2124,6,-0.072754,0.059082,1.0371,6
-150,120,2123,6.04,-0.073242,0.058594,1.0366,6.04
-148,122,2126,6.08,-0.072266,0.05957,1.0381,6.08
-149,125,2128,6.12,-0.072754,0.061035,1.0391,6.12
-149,123,2125,6.16,-0.072754,0.060059,1.0376,6.16
-149,123,2126,6.2,-0.072754,0.060059,1.0381,6.2
-151,124,2126,6.24,-0.07373,0.060547,1.0381,6.24
-151,124,2126,6.28,-0.07373,0.060547,1.0381,6.28
-149,122,2123,6.32,-0.072754,0.05957,1.0366,6.32
-149,123,2124,6.36,-0.072754,0.060059,1.0371,6.36
-149,121,2127,6.4,-0.072754,0.059082,1.0386,6.4
-151,121,2126,6.44,-0.07373,0.059082,1.0381,6.44
-151,122,2124,6.48,-0.07373,0.05957,1.0371,6.48
-149,124,2125,6.52,-0.072754,0.060547,1.0376,6.52
-149,123,2124,6.56,-0.072754,0.060059,1.0371,6.56
-149,124,2124,6.6,-0.072754,0.060547,1.0371,6.6
-150,122,2124,6.64,-0.073242,0.05957,1.0371,6.64
-149,123,2123,6.68,-0.072754,0.060059,1.0366,6.68
-150,124,2124,6.72,-0.073242,0.060547,1.0371,6.72
-151,124,2126,6.76,-0.07373,0.060547,1.0381,6.76
-149,123,2124,6.8,-0.072754,0.060059,1.0371,6.8
-150,122,2128,6.84,-0.073242,0.05957,1.0391,6.84
-149,123,2124,6.88,-0.072754,0.060059,1.0371,6.88
-152,123,2124,6.92,-0.074219,0.060059,1.0371,6.92
-151,123,2124,6.96,-0.07373,0.060059,1.0371,6.96
-150,123,2126,7,-0.073242,0.060059,1.0381,7
-150,124,2125,7.04,-0.073242,0.060547,1.0376,7.04
-150,124,2126,7.08,-0.073242,0.060547,1.0381,7.08
-149,123,2124,7.12,-0.072754,0.060059,1.0371,7.12
-150,123,2127,7.16,-0.073242,0.060059,1.0386,7.16
-151,121,2125,7.2,-0.07373,0.059082,1.0376,7.2
-150,120,2124,7.24,-0.073242,0.058594,1.0371,7.24
-149,123,2124,7.28,-0.072754,0.060059,1.0371,7.28
-151,122,2125,7.32,-0.07373,0.05957,1.0376,7.32
-150,122,2126,7.36,-0.073242,0.05957,1.0381,7.36
-150,120,2123,7.4,-0.073242,0.058594,1.0366,7.4
-148,123,2123,7.44,-0.072266,0.060059,1.0366,7.44
-150,126,2124,7.48,-0.073242,0.061523,1.0371,7.48
-149,124,2128,7.52,-0.072754,0.060547,1.0391,7.52
-149,123,2123,7.56,-0.072754,0.060059,1.0366,7.56
-150,123,2125,7.6,-0.073242,0.060059,1.0376,7.6
-151,123,2127,7.64,-0.07373,0.060059,1.0386,7.64
-149,124,2126,7.68,-0.072754,0.060547,1.0381,7.68
-150,122,2124,7.72,-0.073242,0.05957,1.0371,7.72
-149,121,2124,7.76,-0.072754,0.059082,1.0371,7.76
-151,123,2124,7.8,-0.07373,0.060059,1.0371,7.8
-149,122,2124,7.84,-0.072754,0.05957,1.0371,7.84
-148,121,2126,7.88,-0.072266,0.059082,1.0381,7.88
-148,122,2125,7.92,-0.072266,0.05957,1.0376,7.92
-148,122,2123,7.96,-0.072266,0.05957,1.0366,7.96
-152,123,2124,8,-0.074219,0.060059,1.0371,8
-149,125,2126,8.04,-0.072754,0.061035,1.0381,8.04
-150,125,2124,8.08,-0.073242,0.061035,1.0371,8.08
-149,123,2128,8.12,-0.072754,0.060059,1.0391,8.12
-150,123,2125,8.16,-0.073242,0.060059,1.0376,8.16
-150,123,2124,8.2,-0.073242,0.060059,1.0371,8.2
-151,121,2126,8.24,-0.07373,0.059082,1.0381,8.24
-152,125,2125,8.28,-0.074219,0.061035,1.0376,8.28
-153,123,2125,8.32,-0.074707,0.060059,1.0376,8.32
-151,124,2125,8.36,-0.07373,0.060547,1.0376,8.36
-149,122,2125,8.4,-0.072754,0.05957,1.0376,8.4
-149,120,2124,8.44,-0.072754,0.058594,1.0371,8.44
-152,125,2125,8.48,-0.074219,0.061035,1.0376,8.48
-148,123,2123,8.52,-0.072266,0.060059,1.0366,8.52
-150,123,2126,8.56,-0.073242,0.060059,1.0381,8.56
-149,122,2126,8.6,-0.072754,0.05957,1.0381,8.6
-148,121,2127,8.64,-0.072266,0.059082,1.0386,8.64
-149,124,2126,8.68,-0.072754,0.060547,1.0381,8.68
-148,121,2125,8.72,-0.072266,0.059082,1.0376,8.72
-150,122,2124,8.76,-0.073242,0.05957,1.0371,8.76
-149,125,2127,8.8,-0.072754,0.061035,1.0386,8.8
-151,123,2126,8.84,-0.07373,0.060059,1.0381,8.84
-148,123,2124,8.88,-0.072266,0.060059,1.0371,8.88
-151,123,2123,8.92,-0.07373,0.060059,1.0366,8.92
-151,124,2122,8.96,-0.07373,0.060547,1.0361,8.96
-151,122,2125,9,-0.07373,0.05957,1.0376,9
-150,126,2126,9.04,-0.073242,0.061523,1.0381,9.04
-150,122,2122,9.08,-0.073242,0.05957,1.0361,9.08
-153,122,2126,9.12,-0.074707,0.05957,1.0381,9.12
-152,120,2125,9.16,-0.074219,0.058594,1.0376,9.16
-151,122,2123,9.2,-0.07373,0.05957,1.0366,9.2
-150,123,2123,9.24,-0.073242,0.060059,1.0366,9.24
-151,125,2126,9.28,-0.07373,0.061035,1.0381,9.28
-151,118,2125,9.32,-0.07373,0.057617,1.0376,9.32
-150,123,2127,9.36,-0.073242,0.060059,1.0386,9.36
-149,122,2125,9.4,-0.072754,0.05957,1.0376,9.4
-149,123,2127,9.44,-0.072754,0.060059,1.0386,9.44
-149,120,2126,9.48,-0.072754,0.058594,1.0381,9.48
-150,124,2125,9.52,-0.073242,0.060547,1.0376,9.52
-149,122,2125,9.56,-0.072754,0.05957,1.0376,9.56
-150,125,2125,9.6,-0.073242,0.061035,1.0376,9.6
-148,123,2127,9.64,-0.072266,0.060059,1.0386,9.64
-149,126,2127,9.68,-0.072754,0.061523,1.0386,9.68
-150,122,2127,9.72,-0.073242,0.05957,1.0386,9.72
-149,122,2126,9.76,-0.072754,0.05957,1.0381,9.76
-150,125,2124,9.8,-0.073242,0.061035,1.0371,9.8
-148,124,2126,9.84,-0.072266,0.060547,1.0381,9.84
-150,123,2126,9.88,-0.073242,0.060059,1.0381,9.88
-151,125,2126,9.92,-0.07373,0.061035,1.0381,9.92
-148,123,2124,9.96,-0.072266,0.060059,1.0371,9.96
-150,124,2126,10,-0.073242,0.060547,1.0381,10
-148,123,2126,10.04,-0.072266,0.060059,1.0381,10.04
-149,124,2126,10.08,-0.072754,0.060547,1.0381,10.08
-150,126,2124,10.12,-0.073242,0.061523,1.0371,10.12
-152,123,2124,10.16,-0.074219,0.060059,1.0371,10.16
-149,125,2123,10.2,-0.072754,0.061035,1.0366,10.2
-149,120,2123,10.24,-0.072754,0.058594,1.0366,10.24
-148,124,2125,10.28,-0.072266,0.060547,1.0376,10.28
-150,120,2124,10.32,-0.073242,0.058594,1.0371,10.32
-150,124,2125,10.36,-0.073242,0.060547,1.0376,10.36
-150,123,2125,10.4,-0.073242,0.060059,1.0376,10.4
-149,124,2128,10.44,-0.072754,0.060547,1.0391,10.44
-149,122,2122,10.48,-0.072754,0.05957,1.0361,10.48
-149,124,2124,10.52,-0.072754,0.060547,1.0371,10.52
-149,125,2125,10.56,-0.072754,0.061035,1.0376,10.56
-148,125,2123,10.6,-0.072266,0.061035,1.0366,10.6
-151,124,2125,10.64,-0.07373,0.060547,1.0376,10.64
-149,123,2125,10.68,-0.072754,0.060059,1.0376,10.68
-148,124,2124,10.72,-0.072266,0.060547,1.0371,10.72
-149,124,2124,10.76,-0.072754,0.060547,1.0371,10.76
-147,118,2124,10.8,-0.071777,0.057617,1.0371,10.8
-152,125,2125,10.84,-0.074219,0.061035,1.0376,10.84
-146,126,2123,10.88,-0.071289,0.061523,1.0366,10.88
-146,124,2125,10.92,-0.071289,0.060547,1.0376,10.92
-152,120,2123,10.96,-0.074219,0.058594,1.0366,10.96
-148,120,2122,11,-0.072266,0.058594,1.0361,11
-155,130,2126,11.04,-0.075684,0.063477,1.0381,11.04
-145,119,2126,11.08,-0.070801,0.058105,1.0381,11.08
-151,123,2125,11.12,-0.07373,0.060059,1.0376,11.12
-152,124,2122,11.16,-0.074219,0.060547,1.0361,11.16
-144,122,2119,11.2,-0.070313,0.05957,1.0347,11.2
-155,126,2125,11.24,-0.075684,0.061523,1.0376,11.24
-147,123,2125,11.28,-0.071777,0.060059,1.0376,11.28
-151,124,2122,11.32,-0.07373,0.060547,1.0361,11.32
-148,117,2123,11.36,-0.072266,0.057129,1.0366,11.36
-152,124,2125,11.4,-0.074219,0.060547,1.0376,11.4
-148,128,2124,11.44,-0.072266,0.0625,1.0371,11.44
-148,124,2125,11.48,-0.072266,0.060547,1.0376,11.48
-152,120,2125,11.52,-0.074219,0.058594,1.0376,11.52
-150,123,2126,11.56,-0.073242,0.060059,1.0381,11.56
-148,128,2126,11.6,-0.072266,0.0625,1.0381,11.6
-149,125,2126,11.64,-0.072754,0.061035,1.0381,11.64
-151,124,2126,11.68,-0.07373,0.060547,1.0381,11.68
-149,123,2124,11.72,-0.072754,0.060059,1.0371,11.72
-152,123,2124,11.76,-0.074219,0.060059,1.0371,11.76
-151,124,2126,11.8,-0.07373,0.060547,1.0381,11.8
-147,122,2124,11.84,-0.071777,0.05957,1.0371,11.84
-148,123,2123,11.88,-0.072266,0.060059,1.0366,11.88
-153,122,2126,11.92,-0.074707,0.05957,1.0381,11.92
-152,123,2126,11.96,-0.074219,0.060059,1.0381,11.96
-150,121,2125,12,-0.073242,0.059082,1.0376,12
-150,124,2126,12.04,-0.073242,0.060547,1.0381,12.04
-150,121,2124,12.08,-0.073242,0.059082,1.0371,12.08
-148,120,2126,12.12,-0.072266,0.058594,1.0381,12.12
-148,124,2126,12.16,-0.072266,0.060547,1.0381,12.16
-149,125,2125,12.2,-0.072754,0.061035,1.0376,12.2
-151,125,2127,12.24,-0.07373,0.061035,1.0386,12.24
-150,123,2127,12.28,-0.073242,0.060059,1.0386,12.28
-148,125,2124,12.32,-0.072266,0.061035,1.0371,12.32
-149,122,2124,12.36,-0.072754,0.05957,1.0371,12.36
-151,125,2125,12.4,-0.07373,0.061035,1.0376,12.4
-150,125,2126,12.44,-0.073242,0.061035,1.0381,12.44
-148,126,2128,12.48,-0.072266,0.061523,1.0391,12.48
-149,122,2123,12.52,-0.072754,0.05957,1.0366,12.52
-147,124,2125,12.56,-0.071777,0.060547,1.0376,12.56
-148,122,2126,12.6,-0.072266,0.05957,1.0381,12.6
-148,124,2123,12.64,-0.072266,0.060547,1.0366,12.64
-152,126,2123,12.68,-0.074219,0.061523,1.0366,12.68
-148,123,2127,12.72,-0.072266,0.060059,1.0386,12.72
-150,121,2125,12.76,-0.073242,0.059082,1.0376,12.76
-149,123,2126,12.8,-0.072754,0.060059,1.0381,12.8
-150,124,2125,12.84,-0.073242,0.060547,1.0376,12.84
-152,125,2124,12.88,-0.074219,0.061035,1.0371,12.88
-151,125,2125,12.92,-0.07373,0.061035,1.0376,12.92
-150,121,2127,12.96,-0.073242,0.059082,1.0386,12.96
-149,123,2125,13,-0.072754,0.060059,1.0376,13
-150,123,2123,13.04,-0.073242,0.060059,1.0366,13.04
-150,121,2125,13.08,-0.073242,0.059082,1.0376,13.08
-149,124,2127,13.12,-0.072754,0.060547,1.0386,13.12
-150,124,2124,13.16,-0.073242,0.060547,1.0371,13.16
-149,123,2125,13.2,-0.072754,0.060059,1.0376,13.2
-150,124,2127,13.24,-0.073242,0.060547,1.0386,13.24
-147,125,2127,13.28,-0.071777,0.061035,1.0386,13.28
-150,124,2126,13.32,-0.073242,0.060547,1.0381,13.32
-149,125,2123,13.36,-0.072754,0.061035,1.0366,13.36
-152,123,2126,13.4,-0.074219,0.060059,1.0381,13.4
-151,126,2127,13.44,-0.07373,0.061523,1.0386,13.44
-150,122,2125,13.48,-0.073242,0.05957,1.0376,13.48
-151,122,2124,13.52,-0.07373,0.05957,1.0371,13.52
-150,125,2124,13.56,-0.073242,0.061035,1.0371,13.56
-149,125,2126,13.6,-0.072754,0.061035,1.0381,13.6
-149,122,2126,13.64,-0.072754,0.05957,1.0381,13.64
-150,123,2127,13.68,-0.073242,0.060059,1.0386,13.68
-150,125,2128,13.72,-0.073242,0.061035,1.0391,13.72
-145,122,2125,13.76,-0.070801,0.05957,1.0376,13.76
-149,124,2126,13.8,-0.072754,0.060547,1.0381,13.8
-148,123,2124,13.84,-0.072266,0.060059,1.0371,13.84
-152,126,2126,13.88,-0.074219,0.061523,1.0381,13.88
-151,122,2125,13.92,-0.07373,0.05957,1.0376,13.92
-150,124,2125,13.96,-0.073242,0.060547,1.0376,13.96
-150,123,2128,14,-0.073242,0.060059,1.0391,14
-146,123,2124,14.04,-0.071289,0.060059,1.0371,14.04
-149,122,2125,14.08,-0.072754,0.05957,1.0376,14.08
-149,122,2126,14.12,-0.072754,0.05957,1.0381,14.12
-153,122,2127,14.16,-0.074707,0.05957,1.0386,14.16
-153,122,2126,14.2,-0.074707,0.05957,1.0381,14.2
-145,118,2124,14.24,-0.070801,0.057617,1.0371,14.24
-151,129,2127,14.28,-0.07373,0.062988,1.0386,14.28
-149,126,2123,14.32,-0.072754,0.061523,1.0366,14.32
-153,121,2125,14.36,-0.074707,0.059082,1.0376,14.36
-149,121,2121,14.4,-0.072754,0.059082,1.0356,14.4
-152,126,2126,14.44,-0.074219,0.061523,1.0381,14.44
-150,123,2123,14.48,-0.073242,0.060059,1.0366,14.48
-149,121,2121,14.52,-0.072754,0.059082,1.0356,14.52
-150,123,2127,14.56,-0.073242,0.060059,1.0386,14.56
-149,124,2126,14.6,-0.072754,0.060547,1.0381,14.6
-149,124,2124,14.64,-0.072754,0.060547,1.0371,14.64
-151,123,2124,14.68,-0.07373,0.060059,1.0371,14.68
-151,124,2127,14.72,-0.07373,0.060547,1.0386,14.72
-149,122,2125,14.76,-0.072754,0.05957,1.0376,14.76
-151,121,2123,14.8,-0.07373,0.059082,1.0366,14.8
-152,126,2127,14.84,-0.074219,0.061523,1.0386,14.84
-149,124,2125,14.88,-0.072754,0.060547,1.0376,14.88
-148,122,2125,14.92,-0.072266,0.05957,1.0376,14.92
-152,122,2128,14.96,-0.074219,0.05957,1.0391,14.96
-148,126,2128,15,-0.072266,0.061523,1.0391,15
-149,122,2126,15.04,-0.072754,0.05957,1.0381,15.04
-151,127,2125,15.08,-0.07373,0.062012,1.0376,15.08
-146,121,2123,15.12,-0.071289,0.059082,1.0366,15.12
-153,122,2123,15.16,-0.074707,0.05957,1.0366,15.16
-151,122,2124,15.2,-0.07373,0.05957,1.0371,15.2
-147,123,2125,15.24,-0.071777,0.060059,1.0376,15.24
-151,123,2124,15.28,-0.07373,0.060059,1.0371,15.28
-151,127,2123,15.32,-0.07373,0.062012,1.0366,15.32
-149,121,2122,15.36,-0.072754,0.059082,1.0361,15.36
-150,122,2125,15.4,-0.073242,0.05957,1.0376,15.4
-151,124,2128,15.44,-0.07373,0.060547,1.0391,15.44
-148,121,2124,15.48,-0.072266,0.059082,1.0371,15.48
-150,125,2122,15.52,-0.073242,0.061035,1.0361,15.52
-146,121,2124,15.56,-0.071289,0.059082,1.0371,15.56
-151,122,2126,15.6,-0.07373,0.05957,1.0381,15.6
-147,121,2125,15.64,-0.071777,0.059082,1.0376,15.64
-151,121,2125,15.68,-0.07373,0.059082,1.0376,15.68
-149,125,2123,15.72,-0.072754,0.061035,1.0366,15.72
-150,126,2124,15.76,-0.073242,0.061523,1.0371,15.76
-150,123,2127,15.8,-0.073242,0.060059,1.0386,15.8
-151,122,2126,15.84,-0.07373,0.05957,1.0381,15.84
-151,125,2124,15.88,-0.07373,0.061035,1.0371,15.88
-149,123,2126,15.92,-0.072754,0.060059,1.0381,15.92
-150,124,2127,15.96,-0.073242,0.060547,1.0386,15.96
-148,124,2127,16,-0.072266,0.060547,1.0386,16
-149,123,2124,16.04,-0.072754,0.060059,1.0371,16.04
-151,122,2126,16.08,-0.07373,0.05957,1.0381,16.08
-149,123,2124,16.12,-0.072754,0.060059,1.0371,16.12
-150,124,2124,16.16,-0.073242,0.060547,1.0371,16.16
-151,122,2126,16.2,-0.07373,0.05957,1.0381,16.2
-148,125,2126,16.24,-0.072266,0.061035,1.0381,16.24
-147,122,2126,16.28,-0.071777,0.05957,1.0381,16.28
-151,122,2126,16.32,-0.07373,0.05957,1.0381,16.32
-149,124,2127,16.36,-0.072754,0.060547,1.0386,16.36
-151,123,2123,16.4,-0.07373,0.060059,1.0366,16.4
-150,122,2127,16.44,-0.073242,0.05957,1.0386,16.44
-148,123,2126,16.48,-0.072266,0.060059,1.0381,16.48
-150,122,2123,16.52,-0.073242,0.05957,1.0366,16.52
-149,125,2124,16.56,-0.072754,0.061035,1.0371,16.56
-151,124,2123,16.6,-0.07373,0.060547,1.0366,16.6
-148,122,2126,16.64,-0.072266,0.05957,1.0381,16.64
-151,124,2126,16.68,-0.07373,0.060547,1.0381,16.68
-148,124,2124,16.72,-0.072266,0.060547,1.0371,16.72
-150,123,2124,16.76,-0.073242,0.060059,1.0371,16.76
-150,121,2124,16.8,-0.073242,0.059082,1.0371,16.8
-149,124,2128,16.84,-0.072754,0.060547,1.0391,16.84
-148,126,2124,16.88,-0.072266,0.061523,1.0371,16.88
-152,124,2125,16.92,-0.074219,0.060547,1.0376,16.92
-152,125,2125,16.96,-0.074219,0.061035,1.0376,16.96
-149,121,2126,17,-0.072754,0.059082,1.0381,17
-152,122,2123,17.04,-0.074219,0.05957,1.0366,17.04
-150,123,2127,17.08,-0.073242,0.060059,1.0386,17.08
-148,123,2125,17.12,-0.072266,0.060059,1.0376,17.12
-153,124,2128,17.16,-0.074707,0.060547,1.0391,17.16
-150,124,2126,17.2,-0.073242,0.060547,1.0381,17.2
-149,122,2127,17.24,-0.072754,0.05957,1.0386,17.24
-150,123,2122,17.28,-0.073242,0.060059,1.0361,17.28
-152,125,2126,17.32,-0.074219,0.061035,1.0381,17.32
-148,124,2124,17.36,-0.072266,0.060547,1.0371,17.36
-149,126,2125,17.4,-0.072754,0.061523,1.0376,17.4
-151,123,2126,17.44,-0.07373,0.060059,1.0381,17.44
-149,125,2126,17.48,-0.072754,0.061035,1.0381,17.48
-149,123,2124,17.52,-0.072754,0.060059,1.0371,17.52
-149,125,2124,17.56,-0.072754,0.061035,1.0371,17.56
-151,122,2127,17.6,-0.07373,0.05957,1.0386,17.6
-149,122,2125,17.64,-0.072754,0.05957,1.0376,17.64
-147,125,2124,17.68,-0.071777,0.061035,1.0371,17.68
-150,126,2125,17.72,-0.073242,0.061523,1.0376,17.72
-149,123,2124,17.76,-0.072754,0.060059,1.0371,17.76
-150,124,2123,17.8,-0.073242,0.060547,1.0366,17.8
-150,123,2123,17.84,-0.073242,0.060059,1.0366,17.84
-151,124,2121,17.88,-0.07373,0.060547,1.0356,17.88
-152,123,2123,17.92,-0.074219,0.060059,1.0366,17.92
-150,126,2125,17.96,-0.073242,0.061523,1.0376,17.96
-149,119,2125,18,-0.072754,0.058105,1.0376,18
-149,124,2127,18.04,-0.072754,0.060547,1.0386,18.04
-149,125,2126,18.08,-0.072754,0.061035,1.0381,18.08
-151,125,2121,18.12,-0.07373,0.061035,1.0356,18.12
-148,125,2126,18.16,-0.072266,0.061035,1.0381,18.16
-149,122,2126,18.2,-0.072754,0.05957,1.0381,18.2
-151,128,2126,18.24,-0.07373,0.0625,1.0381,18.24
-147,121,2124,18.28,-0.071777,0.059082,1.0371,18.28
-148,124,2126,18.32,-0.072266,0.060547,1.0381,18.32
-149,125,2124,18.36,-0.072754,0.061035,1.0371,18.36
-151,127,2124,18.4,-0.07373,0.062012,1.0371,18.4
-149,122,2127,18.44,-0.072754,0.05957,1.0386,18.44
-151,122,2124,18.48,-0.07373,0.05957,1.0371,18.48
-150,126,2125,18.52,-0.073242,0.061523,1.0376,18.52
-145,122,2123,18.56,-0.070801,0.05957,1.0366,18.56
-150,125,2123,18.6,-0.073242,0.061035,1.0366,18.6
-149,123,2123,18.64,-0.072754,0.060059,1.0366,18.64
-151,124,2125,18.68,-0.07373,0.060547,1.0376,18.68
-150,124,2126,18.72,-0.073242,0.060547,1.0381,18.72
-148,120,2123,18.76,-0.072266,0.058594,1.0366,18.76
-151,125,2125,18.8,-0.07373,0.061035,1.0376,18.8
-148,123,2127,18.84,-0.072266,0.060059,1.0386,18.84
-151,123,2127,18.88,-0.07373,0.060059,1.0386,18.88
-148,124,2122,18.92,-0.072266,0.060547,1.0361,18.92
-152,124,2124,18.96,-0.074219,0.060547,1.0371,18.96
-149,124,2125,19,-0.072754,0.060547,1.0376,19
-151,124,2125,19.04,-0.07373,0.060547,1.0376,19.04
-148,121,2123,19.08,-0.072266,0.059082,1.0366,19.08
-150,126,2124,19.12,-0.073242,0.061523,1.0371,19.12
-151,122,2124,19.16,-0.07373,0.05957,1.0371,19.16
-152,125,2127,19.2,-0.074219,0.061035,1.0386,19.2
-150,125,2126,19.24,-0.073242,0.061035,1.0381,19.24
-147,120,2125,19.28,-0.071777,0.058594,1.0376,19.28
-150,125,2125,19.32,-0.073242,0.061035,1.0376,19.32
-148,122,2122,19.36,-0.072266,0.05957,1.0361,19.36
-152,125,2126,19.4,-0.074219,0.061035,1.0381,19.4
-151,121,2124,19.44,-0.07373,0.059082,1.0371,19.44
-149,123,2123,19.48,-0.072754,0.060059,1.0366,19.48
-152,124,2124,19.52,-0.074219,0.060547,1.0371,19.52
-152,124,2125,19.56,-0.074219,0.060547,1.0376,19.56
-149,120,2124,19.6,-0.072754,0.058594,1.0371,19.6
-153,127,2126,19.64,-0.074707,0.062012,1.0381,19.64
-149,130,2123,19.68,-0.072754,0.063477,1.0366,19.68
-147,121,2122,19.72,-0.071777,0.059082,1.0361,19.72
-151,126,2125,19.76,-0.07373,0.061523,1.0376,19.76
-150,123,2127,19.8,-0.073242,0.060059,1.0386,19.8
-148,125,2125,19.84,-0.072266,0.061035,1.0376,19.84
-152,124,2128,19.88,-0.074219,0.060547,1.0391,19.88
-147,123,2124,19.92,-0.071777,0.060059,1.0371,19.92
-148,123,2126,19.96,-0.072266,0.060059,1.0381,19.96
-150,125,2125,20,-0.073242,0.061035,1.0376,20
-150,121,2126,20.04,-0.073242,0.059082,1.0381,20.04
-150,126,2127,20.08,-0.073242,0.061523,1.0386,20.08
-150,125,2126,20.12,-0.073242,0.061035,1.0381,20.12
-145,120,2124,20.16,-0.070801,0.058594,1.0371,20.16
-154,124,2127,20.2,-0.075195,0.060547,1.0386,20.2
-147,126,2126,20.24,-0.071777,0.061523,1.0381,20.24
-144,125,2124,20.28,-0.070313,0.061035,1.0371,20.28
-154,125,2125,20.32,-0.075195,0.061035,1.0376,20.32
-150,121,2124,20.36,-0.073242,0.059082,1.0371,20.36
-147,122,2127,20.4,-0.071777,0.05957,1.0386,20.4
-151,127,2124,20.44,-0.07373,0.062012,1.0371,20.44
-150,122,2126,20.48,-0.073242,0.05957,1.0381,20.48
-151,124,2125,20.52,-0.07373,0.060547,1.0376,20.52
-150,124,2127,20.56,-0.073242,0.060547,1.0386,20.56
-150,124,2127,20.6,-0.073242,0.060547,1.0386,20.6
-148,124,2122,20.64,-0.072266,0.060547,1.0361,20.64
-150,125,2124,20.68,-0.073242,0.061035,1.0371,20.68
-149,124,2125,20.72,-0.072754,0.060547,1.0376,20.72
-147,126,2123,20.76,-0.071777,0.061523,1.0366,20.76
-150,125,2125,20.8,-0.073242,0.061035,1.0376,20.8
-151,124,2124,20.84,-0.07373,0.060547,1.0371,20.84
-151,121,2125,20.88,-0.07373,0.059082,1.0376,20.88
-151,122,2126,20.92,-0.07373,0.05957,1.0381,20.92
-149,124,2127,20.96,-0.072754,0.060547,1.0386,20.96
-152,124,2124,21,-0.074219,0.060547,1.0371,21
-150,123,2125,21.04,-0.073242,0.060059,1.0376,21.04
-150,124,2126,21.08,-0.073242,0.060547,1.0381,21.08
-149,122,2123,21.12,-0.072754,0.05957,1.0366,21.12
-150,123,2126,21.16,-0.073242,0.060059,1.0381,21.16
-148,125,2127,21.2,-0.072266,0.061035,1.0386,21.2
-148,124,2125,21.24,-0.072266,0.060547,1.0376,21.24
-151,125,2126,21.28,-0.07373,0.061035,1.0381,21.28
-151,126,2126,21.32,-0.07373,0.061523,1.0381,21.32
-147,122,2124,21.36,-0.071777,0.05957,1.0371,21.36
-149,124,2128,21.4,-0.072754,0.060547,1.0391,21.4
-149,125,2124,21.44,-0.072754,0.061035,1.0371,21.44
-149,126,2124,21.48,-0.072754,0.061523,1.0371,21.48
-148,122,2124,21.52,-0.072266,0.05957,1.0371,21.52
-152,126,2128,21.56,-0.074219,0.061523,1.0391,21.56
-149,121,2124,21.6,-0.072754,0.059082,1.0371,21.6
-151,125,2126,21.64,-0.07373,0.061035,1.0381,21.64
-150,123,2124,21.68,-0.073242,0.060059,1.0371,21.68
-151,120,2125,21.72,-0.07373,0.058594,1.0376,21.72
-152,123,2125,21.76,-0.074219,0.060059,1.0376,21.76
-151,127,2124,21.8,-0.07373,0.062012,1.0371,21.8
-148,123,2127,21.84,-0.072266,0.060059,1.0386,21.84
-149,123,2126,21.88,-0.072754,0.060059,1.0381,21.88
-151,123,2122,21.92,-0.07373,0.060059,1.0361,21.92
-149,122,2121,21.96,-0.072754,0.05957,1.0356,21.96
-150,124,2124,22,-0.073242,0.060547,1.0371,22
-149,124,2125,22.04,-0.072754,0.060547,1.0376,22.04
-150,120,2129,22.08,-0.073242,0.058594,1.0396,22.08
-151,125,2124,22.12,-0.07373,0.061035,1.0371,22.12
-149,123,2123,22.16,-0.072754,0.060059,1.0366,22.16
-152,123,2125,22.2,-0.074219,0.060059,1.0376,22.2
-150,125,2125,22.24,-0.073242,0.061035,1.0376,22.24
-148,122,2124,22.28,-0.072266,0.05957,1.0371,22.28
-151,126,2125,22.32,-0.07373,0.061523,1.0376,22.32
-147,122,2124,22.36,-0.071777,0.05957,1.0371,22.36
-150,123,2126,22.4,-0.073242,0.060059,1.0381,22.4
-150,124,2124,22.44,-0.073242,0.060547,1.0371,22.44
-150,124,2125,22.48,-0.073242,0.060547,1.0376,22.48
-149,124,2124,22.52,-0.072754,0.060547,1.0371,22.52
-149,123,2126,22.56,-0.072754,0.060059,1.0381,22.56
-150,125,2126,22.6,-0.073242,0.061035,1.0381,22.6
-149,122,2125,22.64,-0.072754,0.05957,1.0376,22.64
-149,123,2124,22.68,-0.072754,0.060059,1.0371,22.68
-151,125,2126,22.72,-0.07373,0.061035,1.0381,22.72
-149,125,2125,22.76,-0.072754,0.061035,1.0376,22.76
-151,124,2124,22.8,-0.07373,0.060547,1.0371,22.8
-151,124,2125,22.84,-0.07373,0.060547,1.0376,22.84
-149,124,2126,22.88,-0.072754,0.060547,1.0381,22.88
-147,123,2126,22.92,-0.071777,0.060059,1.0381,22.92
-152,121,2124,22.96,-0.074219,0.059082,1.0371,22.96
-146,126,2124,23,-0.071289,0.061523,1.0371,23
-151,122,2122,23.04,-0.07373,0.05957,1.0361,23.04
-150,127,2127,23.08,-0.073242,0.062012,1.0386,23.08
-148,122,2127,23.12,-0.072266,0.05957,1.0386,23.12
-149,124,2126,23.16,-0.072754,0.060547,1.0381,23.16
-153,121,2127,23.2,-0.074707,0.059082,1.0386,23.2
-151,123,2126,23.24,-0.07373,0.060059,1.0381,23.24
-150,125,2124,23.28,-0.073242,0.061035,1.0371,23.28
-150,125,2127,23.32,-0.073242,0.061035,1.0386,23.32
-149,122,2124,23.36,-0.072754,0.05957,1.0371,23.36
-150,125,2125,23.4,-0.073242,0.061035,1.0376,23.4
-149,122,2126,23.44,-0.072754,0.05957,1.0381,23.44
-147,122,2123,23.48,-0.071777,0.05957,1.0366,23.48
-150,123,2124,23.52,-0.073242,0.060059,1.0371,23.52
-150,122,2123,23.56,-0.073242,0.05957,1.0366,23.56
-151,121,2124,23.6,-0.07373,0.059082,1.0371,23.6
-147,126,2124,23.64,-0.071777,0.061523,1.0371,23.64
-148,122,2125,23.68,-0.072266,0.05957,1.0376,23.68
-149,123,2123,23.72,-0.072754,0.060059,1.0366,23.72
-148,122,2126,23.76,-0.072266,0.05957,1.0381,23.76
-151,123,2125,23.8,-0.07373,0.060059,1.0376,23.8
-151,121,2124,23.84,-0.07373,0.059082,1.0371,23.84
-150,128,2125,23.88,-0.073242,0.0625,1.0376,23.88
-150,123,2127,23.92,-0.073242,0.060059,1.0386,23.92
-147,121,2126,23.96,-0.071777,0.059082,1.0381,23.96
-155,126,2127,24,-0.075684,0.061523,1.0386,24
-144,124,2124,24.04,-0.070313,0.060547,1.0371,24.04
-149,123,2124,24.08,-0.072754,0.060059,1.0371,24.08
-154,123,2124,24.12,-0.075195,0.060059,1.0371,24.12
-146,118,2121,24.16,-0.071289,0.057617,1.0356,24.16
-151,124,2124,24.2,-0.07373,0.060547,1.0371,24.2
-152,123,2124,24.24,-0.074219,0.060059,1.0371,24.24
-149,122,2126,24.28,-0.072754,0.05957,1.0381,24.28
-148,123,2123,24.32,-0.072266,0.060059,1.0366,24.32
-147,123,2126,24.36,-0.071777,0.060059,1.0381,24.36
-151,125,2127,24.4,-0.07373,0.061035,1.0386,24.4
-148,124,2126,24.44,-0.072266,0.060547,1.0381,24.44
-149,123,2125,24.48,-0.072754,0.060059,1.0376,24.48
-155,125,2127,24.52,-0.075684,0.061035,1.0386,24.52
-147,122,2125,24.56,-0.071777,0.05957,1.0376,24.56
-149,126,2126,24.6,-0.072754,0.061523,1.0381,24.6
-148,122,2122,24.64,-0.072266,0.05957,1.0361,24.64
-151,125,2126,24.68,-0.07373,0.061035,1.0381,24.68
-152,119,2129,24.72,-0.074219,0.058105,1.0396,24.72
-149,124,2123,24.76,-0.072754,0.060547,1.0366,24.76
-150,127,2126,24.8,-0.073242,0.062012,1.0381,24.8
-147,121,2124,24.84,-0.071777,0.059082,1.0371,24.84
-151,122,2122,24.88,-0.07373,0.05957,1.0361,24.88
-151,122,2125,24.92,-0.07373,0.05957,1.0376,24.92
-147,123,2125,24.96,-0.071777,0.060059,1.0376,24.96
-150,124,2125,25,-0.073242,0.060547,1.0376,25
-152,123,2125,25.04,-0.074219,0.060059,1.0376,25.04
-147,121,2124,25.08,-0.071777,0.059082,1.0371,25.08
-149,125,2126,25.12,-0.072754,0.061035,1.0381,25.12
-149,125,2126,25.16,-0.072754,0.061035,1.0381,25.16
-148,118,2124,25.2,-0.072266,0.057617,1.0371,25.2
-151,126,2123,25.24,-0.07373,0.061523,1.0366,25.24
-150,124,2128,25.28,-0.073242,0.060547,1.0391,25.28
-150,123,2126,25.32,-0.073242,0.060059,1.0381,25.32
-149,125,2124,25.36,-0.072754,0.061035,1.0371,25.36
-150,123,2127,25.4,-0.073242,0.060059,1.0386,25.4
-149,123,2123,25.44,-0.072754,0.060059,1.0366,25.44
-150,121,2126,25.48,-0.073242,0.059082,1.0381,25.48
-149,126,2125,25.52,-0.072754,0.061523,1.0376,25.52
-149,125,2125,25.56,-0.072754,0.061035,1.0376,25.56
-150,123,2126,25.6,-0.073242,0.060059,1.0381,25.6
-150,124,2127,25.64,-0.073242,0.060547,1.0386,25.64
-149,122,2124,25.68,-0.072754,0.05957,1.0371,25.68
-148,125,2125,25.72,-0.072266,0.061035,1.0376,25.72
-151,124,2126,25.76,-0.07373,0.060547,1.0381,25.76
-149,124,2121,25.8,-0.072754,0.060547,1.0356,25.8
-149,123,2125,25.84,-0.072754,0.060059,1.0376,25.84
-152,125,2123,25.88,-0.074219,0.061035,1.0366,25.88
-149,121,2124,25.92,-0.072754,0.059082,1.0371,25.92
-149,122,2125,25.96,-0.072754,0.05957,1.0376,25.96
-149,121,2123,26,-0.072754,0.059082,1.0366,26
-152,122,2126,26.04,-0.074219,0.05957,1.0381,26.04
-151,124,2126,26.08,-0.07373,0.060547,1.0381,26.08
-149,122,2126,26.12,-0.072754,0.05957,1.0381,26.12
-151,122,2123,26.16,-0.07373,0.05957,1.0366,26.16
-149,123,2126,26.2,-0.072754,0.060059,1.0381,26.2
-149,122,2122,26.24,-0.072754,0.05957,1.0361,26.24
-149,125,2127,26.28,-0.072754,0.061035,1.0386,26.28
-147,122,2124,26.32,-0.071777,0.05957,1.0371,26.32
-148,123,2125,26.36,-0.072266,0.060059,1.0376,26.36
-150,123,2124,26.4,-0.073242,0.060059,1.0371,26.4
-151,123,2126,26.44,-0.07373,0.060059,1.0381,26.44
-149,123,2126,26.48,-0.072754,0.060059,1.0381,26.48
-151,125,2125,26.52,-0.07373,0.061035,1.0376,26.52
-149,120,2126,26.56,-0.072754,0.058594,1.0381,26.56
-148,120,2125,26.6,-0.072266,0.058594,1.0376,26.6
-148,123,2125,26.64,-0.072266,0.060059,1.0376,26.64
-150,124,2128,26.68,-0.073242,0.060547,1.0391,26.68
-151,126,2126,26.72,-0.07373,0.061523,1.0381,26.72
-150,124,2124,26.76,-0.073242,0.060547,1.0371,26.76
-150,123,2125,26.8,-0.073242,0.060059,1.0376,26.8
-150,122,2124,26.84,-0.073242,0.05957,1.0371,26.84
-150,122,2125,26.88,-0.073242,0.05957,1.0376,26.88
-149,122,2123,26.92,-0.072754,0.05957,1.0366,26.92
-151,126,2125,26.96,-0.07373,0.061523,1.0376,26.96
-148,123,2126,27,-0.072266,0.060059,1.0381,27
-146,121,2126,27.04,-0.071289,0.059082,1.0381,27.04
-150,123,2126,27.08,-0.073242,0.060059,1.0381,27.08
-150,125,2124,27.12,-0.073242,0.061035,1.0371,27.12
-150,125,2125,27.16,-0.073242,0.061035,1.0376,27.16
-148,122,2126,27.2,-0.072266,0.05957,1.0381,27.2
-148,121,2125,27.24,-0.072266,0.059082,1.0376,27.24
-150,124,2124,27.28,-0.073242,0.060547,1.0371,27.28
-150,123,2123,27.32,-0.073242,0.060059,1.0366,27.32
-150,124,2124,27.36,-0.073242,0.060547,1.0371,27.36
-150,124,2125,27.4,-0.073242,0.060547,1.0376,27.4
-149,123,2123,27.44,-0.072754,0.060059,1.0366,27.44
-151,125,2127,27.48,-0.07373,0.061035,1.0386,27.48
-146,122,2126,27.52,-0.071289,0.05957,1.0381,27.52
-150,122,2124,27.56,-0.073242,0.05957,1.0371,27.56
-151,127,2126,27.6,-0.07373,0.062012,1.0381,27.6
-146,120,2124,27.64,-0.071289,0.058594,1.0371,27.64
-151,127,2128,27.68,-0.07373,0.062012,1.0391,27.68
-147,121,2125,27.72,-0.071777,0.059082,1.0376,27.72
-150,124,2127,27.76,-0.073242,0.060547,1.0386,27.76
-150,124,2128,27.8,-0.073242,0.060547,1.0391,27.8
-151,124,2126,27.84,-0.07373,0.060547,1.0381,27.84
-149,124,2127,27.88,-0.072754,0.060547,1.0386,27.88
-148,122,2126,27.92,-0.072266,0.05957,1.0381,27.92
-149,124,2126,27.96,-0.072754,0.060547,1.0381,27.96
-149,125,2124,28,-0.072754,0.061035,1.0371,28
-148,124,2123,28.04,-0.072266,0.060547,1.0366,28.04
-149,124,2124,28.08,-0.072754,0.060547,1.0371,28.08
-151,124,2127,28.12,-0.07373,0.060547,1.0386,28.12
-149,122,2125,28.16,-0.072754,0.05957,1.0376,28.16
-150,121,2126,28.2,-0.073242,0.059082,1.0381,28.2
-149,124,2123,28.24,-0.072754,0.060547,1.0366,28.24
-149,120,2123,28.28,-0.072754,0.058594,1.0366,28.28
-152,123,2128,28.32,-0.074219,0.060059,1.0391,28.32
-151,122,2123,28.36,-0.07373,0.05957,1.0366,28.36
-148,124,2127,28.4,-0.072266,0.060547,1.0386,28.4
-148,123,2127,28.44,-0.072266,0.060059,1.0386,28.44
-149,124,2123,28.48,-0.072754,0.060547,1.0366,28.48
-148,125,2122,28.52,-0.072266,0.061035,1.0361,28.52
-148,125,2126,28.56,-0.072266,0.061035,1.0381,28.56
-149,124,2126,28.6,-0.072754,0.060547,1.0381,28.6
-151,122,2125,28.64,-0.07373,0.05957,1.0376,28.64
-149,122,2123,28.68,-0.072754,0.05957,1.0366,28.68
-149,123,2122,28.72,-0.072754,0.060059,1.0361,28.72
-148,124,2126,28.76,-0.072266,0.060547,1.0381,28.76
-149,123,2126,28.8,-0.072754,0.060059,1.0381,28.8
-149,124,2125,28.84,-0.072754,0.060547,1.0376,28.84
-151,124,2129,28.88,-0.07373,0.060547,1.0396,28.88
-150,124,2126,28.92,-0.073242,0.060547,1.0381,28.92
-151,124,2125,28.96,-0.07373,0.060547,1.0376,28.96
-153,126,2125,29,-0.074707,0.061523,1.0376,29
-150,121,2125,29.04,-0.073242,0.059082,1.0376,29.04
-149,122,2125,29.08,-0.072754,0.05957,1.0376,29.08
-150,124,2127,29.12,-0.073242,0.060547,1.0386,29.12
-147,122,2125,29.16,-0.071777,0.05957,1.0376,29.16
-149,125,2124,29.2,-0.072754,0.061035,1.0371,29.2
-149,124,2125,29.24,-0.072754,0.060547,1.0376,29.24
-148,123,2125,29.28,-0.072266,0.060059,1.0376,29.28
-148,123,2125,29.32,-0.072266,0.060059,1.0376,29.32
-147,122,2125,29.36,-0.071777,0.05957,1.0376,29.36
-150,126,2126,29.4,-0.073242,0.061523,1.0381,29.4
-150,122,2124,29.44,-0.073242,0.05957,1.0371,29.44
-150,125,2127,29.48,-0.073242,0.061035,1.0386,29.48
-149,126,2126,29.52,-0.072754,0.061523,1.0381,29.52
-148,122,2126,29.56,-0.072266,0.05957,1.0381,29.56
-149,126,2127,29.6,-0.072754,0.061523,1.0386,29.6
-150,123,2125,29.64,-0.073242,0.060059,1.0376,29.64
-149,122,2125,29.68,-0.072754,0.05957,1.0376,29.68
-148,123,2128,29.72,-0.072266,0.060059,1.0391,29.72
-148,124,2125,29.76,-0.072266,0.060547,1.0376,29.76
-149,123,2125,29.8,-0.072754,0.060059,1.0376,29.8
-150,124,2127,29.84,-0.073242,0.060547,1.0386,29.84
-151,122,2124,29.88,-0.07373,0.05957,1.0371,29.88
-149,121,2125,29.92,-0.072754,0.059082,1.0376,29.92
-149,121,2124,29.96,-0.072754,0.059082,1.0371,29.96
-151,124,2126,30,-0.07373,0.060547,1.0381,30
-152,121,2130,30.04,-0.074219,0.059082,1.04,30.04
-150,123,2126,30.08,-0.073242,0.060059,1.0381,30.08
-150,127,2124,30.12,-0.073242,0.062012,1.0371,30.12
-149,122,2127,30.16,-0.072754,0.05957,1.0386,30.16
-147,125,2126,30.2,-0.071777,0.061035,1.0381,30.2
-150,122,2125,30.24,-0.073242,0.05957,1.0376,30.24
-149,123,2126,30.28,-0.072754,0.060059,1.0381,30.28
-150,123,2126,30.32,-0.073242,0.060059,1.0381,30.32
-149,125,2125,30.36,-0.072754,0.061035,1.0376,30.36
-149,123,2124,30.4,-0.072754,0.060059,1.0371,30.4
-150,122,2125,30.44,-0.073242,0.05957,1.0376,30.44
-148,122,2122,30.48,-0.072266,0.05957,1.0361,30.48
-152,123,2128,30.52,-0.074219,0.060059,1.0391,30.52
-149,122,2124,30.56,-0.072754,0.05957,1.0371,30.56
-151,122,2119,30.6,-0.07373,0.05957,1.0347,30.6
-150,122,2123,30.64,-0.073242,0.05957,1.0366,30.64
-148,125,2127,30.68,-0.072266,0.061035,1.0386,30.68
-150,126,2127,30.72,-0.073242,0.061523,1.0386,30.72
-150,124,2125,30.76,-0.073242,0.060547,1.0376,30.76
-149,122,2124,30.8,-0.072754,0.05957,1.0371,30.8
-150,124,2127,30.84,-0.073242,0.060547,1.0386,30.84
-149,122,2123,30.88,-0.072754,0.05957,1.0366,30.88
-151,123,2124,30.92,-0.07373,0.060059,1.0371,30.92
-148,126,2123,30.96,-0.072266,0.061523,1.0366,30.96
-149,125,2125,31,-0.072754,0.061035,1.0376,31
-151,124,2127,31.04,-0.07373,0.060547,1.0386,31.04
-148,122,2125,31.08,-0.072266,0.05957,1.0376,31.08
-150,123,2124,31.12,-0.073242,0.060059,1.0371,31.12
-149,125,2128,31.16,-0.072754,0.061035,1.0391,31.16
-150,122,2126,31.2,-0.073242,0.05957,1.0381,31.2
-149,124,2123,31.24,-0.072754,0.060547,1.0366,31.24
-151,124,2126,31.28,-0.07373,0.060547,1.0381,31.28
-149,124,2124,31.32,-0.072754,0.060547,1.0371,31.32
-149,123,2125,31.36,-0.072754,0.060059,1.0376,31.36
-150,125,2126,31.4,-0.073242,0.061035,1.0381,31.4
-148,124,2126,31.44,-0.072266,0.060547,1.0381,31.44
-150,123,2125,31.48,-0.073242,0.060059,1.0376,31.48
-149,124,2125,31.52,-0.072754,0.060547,1.0376,31.52
-147,123,2126,31.56,-0.071777,0.060059,1.0381,31.56
-150,123,2125,31.6,-0.073242,0.060059,1.0376,31.6
-150,122,2125,31.64,-0.073242,0.05957,1.0376,31.64
-149,121,2125,31.68,-0.072754,0.059082,1.0376,31.68
-149,122,2127,31.72,-0.072754,0.05957,1.0386,31.72
-148,124,2112,31.76,-0.072266,0.060547,1.0313,31.76
-145,125,2126,31.8,-0.070801,0.061035,1.0381,31.8
-147,124,2126,31.84,-0.071777,0.060547,1.0381,31.84
-150,124,2123,31.88,-0.073242,0.060547,1.0366,31.88
-150,123,2128,31.92,-0.073242,0.060059,1.0391,31.92
-148,121,2116,31.96,-0.072266,0.059082,1.0332,31.96
-151,124,2122,32,-0.07373,0.060547,1.0361,32
-149,126,2125,32.04,-0.072754,0.061523,1.0376,32.04
-149,123,2125,32.08,-0.072754,0.060059,1.0376,32.08
-152,120,2127,32.12,-0.074219,0.058594,1.0386,32.12
-150,123,2123,32.16,-0.073242,0.060059,1.0366,32.16
-150,122,2125,32.2,-0.073242,0.05957,1.0376,32.2
-150,121,2127,32.24,-0.073242,0.059082,1.0386,32.24
-150,122,2125,32.28,-0.073242,0.05957,1.0376,32.28
-149,122,2123,32.32,-0.072754,0.05957,1.0366,32.32
-150,123,2125,32.36,-0.073242,0.060059,1.0376,32.36
-147,122,2126,32.4,-0.071777,0.05957,1.0381,32.4
-149,124,2127,32.44,-0.072754,0.060547,1.0386,32.44
-150,124,2125,32.48,-0.073242,0.060547,1.0376,32.48
-152,121,2126,32.52,-0.074219,0.059082,1.0381,32.52
-150,123,2127,32.56,-0.073242,0.060059,1.0386,32.56
-150,124,2126,32.6,-0.073242,0.060547,1.0381,32.6
-151,123,2125,32.64,-0.07373,0.060059,1.0376,32.64
-150,124,2126,32.68,-0.073242,0.060547,1.0381,32.68
-150,124,2127,32.72,-0.073242,0.060547,1.0386,32.72
-151,123,2127,32.76,-0.07373,0.060059,1.0386,32.76
-152,124,2123,32.8,-0.074219,0.060547,1.0366,32.8
-148,125,2124,32.84,-0.072266,0.061035,1.0371,32.84
-149,120,2125,32.88,-0.072754,0.058594,1.0376,32.88
-148,126,2126,32.92,-0.072266,0.061523,1.0381,32.92
-150,123,2124,32.96,-0.073242,0.060059,1.0371,32.96
-150,125,2126,33,-0.073242,0.061035,1.0381,33
-149,123,2128,33.04,-0.072754,0.060059,1.0391,33.04
-149,123,2125,33.08,-0.072754,0.060059,1.0376,33.08
-150,123,2127,33.12,-0.073242,0.060059,1.0386,33.12
-148,121,2125,33.16,-0.072266,0.059082,1.0376,33.16
-148,124,2127,33.2,-0.072266,0.060547,1.0386,33.2
-149,123,2125,33.24,-0.072754,0.060059,1.0376,33.24
-149,123,2125,33.28,-0.072754,0.060059,1.0376,33.28
-149,122,2129,33.32,-0.072754,0.05957,1.0396,33.32
-149,122,2123,33.36,-0.072754,0.05957,1.0366,33.36
-149,121,2124,33.4,-0.072754,0.059082,1.0371,33.4
-151,125,2125,33.44,-0.07373,0.061035,1.0376,33.44
-151,123,2124,33.48,-0.07373,0.060059,1.0371,33.48
-151,121,2125,33.52,-0.07373,0.059082,1.0376,33.52
-151,123,2125,33.56,-0.07373,0.060059,1.0376,33.56
-149,125,2124,33.6,-0.072754,0.061035,1.0371,33.6
-149,122,2128,33.64,-0.072754,0.05957,1.0391,33.64
-149,123,2126,33.68,-0.072754,0.060059,1.0381,33.68
-148,124,2127,33.72,-0.072266,0.060547,1.0386,33.72
-148,122,2125,33.76,-0.072266,0.05957,1.0376,33.76
-148,122,2126,33.8,-0.072266,0.05957,1.0381,33.8
-149,124,2126,33.84,-0.072754,0.060547,1.0381,33.84
-149,123,2125,33.88,-0.072754,0.060059,1.0376,33.88
-147,121,2126,33.92,-0.071777,0.059082,1.0381,33.92
-151,125,2130,33.96,-0.07373,0.061035,1.04,33.96
-150,125,2126,34,-0.073242,0.061035,1.0381,34
-151,124,2125,34.04,-0.07373,0.060547,1.0376,34.04
-151,123,2126,34.08,-0.07373,0.060059,1.0381,34.08
-148,123,2126,34.12,-0.072266,0.060059,1.0381,34.12
-148,124,2126,34.16,-0.072266,0.060547,1.0381,34.16
-148,121,2123,34.2,-0.072266,0.059082,1.0366,34.2
-148,124,2123,34.24,-0.072266,0.060547,1.0366,34.24
-152,123,2123,34.28,-0.074219,0.060059,1.0366,34.28
-150,125,2127,34.32,-0.073242,0.061035,1.0386,34.32
-148,122,2125,34.36,-0.072266,0.05957,1.0376,34.36
-147,122,2126,34.4,-0.071777,0.05957,1.0381,34.4
-149,123,2125,34.44,-0.072754,0.060059,1.0376,34.44
-148,123,2124,34.48,-0.072266,0.060059,1.0371,34.48
-149,123,2125,34.52,-0.072754,0.060059,1.0376,34.52
-150,122,2126,34.56,-0.073242,0.05957,1.0381,34.56
-150,123,2126,34.6,-0.073242,0.060059,1.0381,34.6
-148,126,2124,34.64,-0.072266,0.061523,1.0371,34.64
-150,121,2125,34.68,-0.073242,0.059082,1.0376,34.68
-150,123,2125,34.72,-0.073242,0.060059,1.0376,34.72
-151,123,2126,34.76,-0.07373,0.060059,1.0381,34.76
-151,123,2126,34.8,-0.07373,0.060059,1.0381,34.8
-148,122,2125,34.84,-0.072266,0.05957,1.0376,34.84
-148,123,2126,34.88,-0.072266,0.060059,1.0381,34.88
-150,121,2129,34.92,-0.073242,0.059082,1.0396,34.92
-151,122,2127,34.96,-0.07373,0.05957,1.0386,34.96
-151,122,2126,35,-0.07373,0.05957,1.0381,35
-151,123,2129,35.04,-0.07373,0.060059,1.0396,35.04
-150,123,2127,35.08,-0.073242,0.060059,1.0386,35.08
-150,123,2127,35.12,-0.073242,0.060059,1.0386,35.12
-150,123,2127,35.16,-0.073242,0.060059,1.0386,35.16
-148,125,2128,35.2,-0.072266,0.061035,1.0391,35.2
-150,124,2127,35.24,-0.073242,0.060547,1.0386,35.24
-149,122,2127,35.28,-0.072754,0.05957,1.0386,35.28
-148,124,2123,35.32,-0.072266,0.060547,1.0366,35.32
-149,124,2121,35.36,-0.072754,0.060547,1.0356,35.36
-149,122,2128,35.4,-0.072754,0.05957,1.0391,35.4
-150,122,2126,35.44,-0.073242,0.05957,1.0381,35.44
-149,123,2126,35.48,-0.072754,0.060059,1.0381,35.48
-150,124,2125,35.52,-0.073242,0.060547,1.0376,35.52
-150,122,2123,35.56,-0.073242,0.05957,1.0366,35.56
-150,119,2124,35.6,-0.073242,0.058105,1.0371,35.6
-151,122,2126,35.64,-0.07373,0.05957,1.0381,35.64
-149,120,2126,35.68,-0.072754,0.058594,1.0381,35.68
-148,123,2126,35.72,-0.072266,0.060059,1.0381,35.72
-150,125,2126,35.76,-0.073242,0.061035,1.0381,35.76
-151,121,2126,35.8,-0.07373,0.059082,1.0381,35.8
-148,122,2125,35.84,-0.072266,0.05957,1.0376,35.84
-150,123,2126,35.88,-0.073242,0.060059,1.0381,35.88
-148,122,2125,35.92,-0.072266,0.05957,1.0376,35.92
-151,119,2124,35.96,-0.07373,0.058105,1.0371,35.96
-150,122,2127,36,-0.073242,0.05957,1.0386,36
-148,123,2124,36.04,-0.072266,0.060059,1.0371,36.04
-149,124,2125,36.08,-0.072754,0.060547,1.0376,36.08
-150,124,2125,36.12,-0.073242,0.060547,1.0376,36.12
-149,124,2124,36.16,-0.072754,0.060547,1.0371,36.16
-149,122,2125,36.2,-0.072754,0.05957,1.0376,36.2
-149,123,2127,36.24,-0.072754,0.060059,1.0386,36.24
-150,123,2126,36.28,-0.073242,0.060059,1.0381,36.28
-149,124,2125,36.32,-0.072754,0.060547,1.0376,36.32
-149,121,2123,36.36,-0.072754,0.059082,1.0366,36.36
-149,122,2126,36.4,-0.072754,0.05957,1.0381,36.4
-148,125,2125,36.44,-0.072266,0.061035,1.0376,36.44
-149,123,2124,36.48,-0.072754,0.060059,1.0371,36.48
-149,123,2127,36.52,-0.072754,0.060059,1.0386,36.52
-150,122,2125,36.56,-0.073242,0.05957,1.0376,36.56
-150,123,2124,36.6,-0.073242,0.060059,1.0371,36.6
-150,125,2124,36.64,-0.073242,0.061035,1.0371,36.64
-148,123,2127,36.68,-0.072266,0.060059,1.0386,36.68
-148,124,2124,36.72,-0.072266,0.060547,1.0371,36.72
-149,122,2128,36.76,-0.072754,0.05957,1.0391,36.76
-149,120,2126,36.8,-0.072754,0.058594,1.0381,36.8
-152,122,2126,36.84,-0.074219,0.05957,1.0381,36.84
-151,123,2125,36.88,-0.07373,0.060059,1.0376,36.88
-151,122,2127,36.92,-0.07373,0.05957,1.0386,36.92
-150,121,2126,36.96,-0.073242,0.059082,1.0381,36.96
-151,126,2126,37,-0.07373,0.061523,1.0381,37
-150,123,2125,37.04,-0.073242,0.060059,1.0376,37.04
-149,122,2124,37.08,-0.072754,0.05957,1.0371,37.08
-148,123,2123,37.12,-0.072266,0.060059,1.0366,37.12
-150,125,2126,37.16,-0.073242,0.061035,1.0381,37.16
-149,122,2126,37.2,-0.072754,0.05957,1.0381,37.2
-149,124,2124,37.24,-0.072754,0.060547,1.0371,37.24
-149,123,2124,37.28,-0.072754,0.060059,1.0371,37.28
-150,123,2124,37.32,-0.073242,0.060059,1.0371,37.32
-147,125,2126,37.36,-0.071777,0.061035,1.0381,37.36
-149,123,2125,37.4,-0.072754,0.060059,1.0376,37.4
-150,122,2125,37.44,-0.073242,0.05957,1.0376,37.44
-150,123,2126,37.48,-0.073242,0.060059,1.0381,37.48
-149,125,2126,37.52,-0.072754,0.061035,1.0381,37.52
-149,124,2126,37.56,-0.072754,0.060547,1.0381,37.56
-150,123,2125,37.6,-0.073242,0.060059,1.0376,37.6
-148,120,2124,37.64,-0.072266,0.058594,1.0371,37.64
-152,126,2127,37.68,-0.074219,0.061523,1.0386,37.68
-147,122,2124,37.72,-0.071777,0.05957,1.0371,37.72
-150,121,2126,37.76,-0.073242,0.059082,1.0381,37.76
-149,124,2127,37.8,-0.072754,0.060547,1.0386,37.8
-148,123,2125,37.84,-0.072266,0.060059,1.0376,37.84
-150,124,2126,37.88,-0.073242,0.060547,1.0381,37.88
-149,122,2128,37.92,-0.072754,0.05957,1.0391,37.92
-150,122,2123,37.96,-0.073242,0.05957,1.0366,37.96
-151,123,2124,38,-0.07373,0.060059,1.0371,38
-148,120,2126,38.04,-0.072266,0.058594,1.0381,38.04
-150,121,2124,38.08,-0.073242,0.059082,1.0371,38.08
-150,122,2124,38.12,-0.073242,0.05957,1.0371,38.12
-151,121,2126,38.16,-0.07373,0.059082,1.0381,38.16
-150,121,2127,38.2,-0.073242,0.059082,1.0386,38.2
-148,125,2123,38.24,-0.072266,0.061035,1.0366,38.24
-150,124,2124,38.28,-0.073242,0.060547,1.0371,38.28
-150,123,2128,38.32,-0.073242,0.060059,1.0391,38.32
-148,121,2125,38.36,-0.072266,0.059082,1.0376,38.36
-150,121,2127,38.4,-0.073242,0.059082,1.0386,38.4
-149,125,2126,38.44,-0.072754,0.061035,1.0381,38.44
-149,124,2125,38.48,-0.072754,0.060547,1.0376,38.48
-150,120,2125,38.52,-0.073242,0.058594,1.0376,38.52
-150,123,2124,38.56,-0.073242,0.060059,1.0371,38.56
-149,125,2125,38.6,-0.072754,0.061035,1.0376,38.6
-149,122,2127,38.64,-0.072754,0.05957,1.0386,38.64
-149,122,2124,38.68,-0.072754,0.05957,1.0371,38.68
-151,123,2125,38.72,-0.07373,0.060059,1.0376,38.72
-148,124,2128,38.76,-0.072266,0.060547,1.0391,38.76
-148,125,2127,38.8,-0.072266,0.061035,1.0386,38.8
-149,125,2125,38.84,-0.072754,0.061035,1.0376,38.84
-150,123,2123,38.88,-0.073242,0.060059,1.0366,38.88
-149,122,2124,38.92,-0.072754,0.05957,1.0371,38.92
-149,123,2126,38.96,-0.072754,0.060059,1.0381,38.96
-150,123,2126,39,-0.073242,0.060059,1.0381,39
-149,121,2126,39.04,-0.072754,0.059082,1.0381,39.04
-150,123,2127,39.08,-0.073242,0.060059,1.0386,39.08
-149,123,2124,39.12,-0.072754,0.060059,1.0371,39.12
-148,124,2126,39.16,-0.072266,0.060547,1.0381,39.16
-148,123,2125,39.2,-0.072266,0.060059,1.0376,39.2
-148,123,2128,39.24,-0.072266,0.060059,1.0391,39.24
-150,123,2128,39.28,-0.073242,0.060059,1.0391,39.28
-151,123,2124,39.32,-0.07373,0.060059,1.0371,39.32
-150,122,2125,39.36,-0.073242,0.05957,1.0376,39.36
-149,122,2123,39.4,-0.072754,0.05957,1.0366,39.4
-150,125,2125,39.44,-0.073242,0.061035,1.0376,39.44
-150,124,2126,39.48,-0.073242,0.060547,1.0381,39.48
-151,122,2124,39.52,-0.07373,0.05957,1.0371,39.52
-150,123,2126,39.56,-0.073242,0.060059,1.0381,39.56
-149,123,2126,39.6,-0.072754,0.060059,1.0381,39.6
-150,122,2127,39.64,-0.073242,0.05957,1.0386,39.64
-151,122,2124,39.68,-0.07373,0.05957,1.0371,39.68
-149,123,2125,39.72,-0.072754,0.060059,1.0376,39.72
-150,124,2125,39.76,-0.073242,0.060547,1.0376,39.76
-149,125,2124,39.8,-0.072754,0.061035,1.0371,39.8
-149,123,2125,39.84,-0.072754,0.060059,1.0376,39.84
-148,124,2126,39.88,-0.072266,0.060547,1.0381,39.88
-151,125,2125,39.92,-0.07373,0.061035,1.0376,39.92
-148,122,2124,39.96,-0.072266,0.05957,1.0371,39.96
-149,123,2126,40,-0.072754,0.060059,1.0381,40
-151,121,2125,40.04,-0.07373,0.059082,1.0376,40.04
-149,123,2124,40.08,-0.072754,0.060059,1.0371,40.08
-149,122,2123,40.12,-0.072754,0.05957,1.0366,40.12
-150,120,2126,40.16,-0.073242,0.058594,1.0381,40.16
-149,122,2125,40.2,-0.072754,0.05957,1.0376,40.2
-147,124,2127,40.24,-0.071777,0.060547,1.0386,40.24
-151,125,2126,40.28,-0.07373,0.061035,1.0381,40.28
-150,124,2125,40.32,-0.073242,0.060547,1.0376,40.32
-148,123,2124,40.36,-0.072266,0.060059,1.0371,40.36
-150,120,2124,40.4,-0.073242,0.058594,1.0371,40.4
-148,122,2126,40.44,-0.072266,0.05957,1.0381,40.44
-149,123,2128,40.48,-0.072754,0.060059,1.0391,40.48
-150,121,2125,40.52,-0.073242,0.059082,1.0376,40.52
-148,120,2127,40.56,-0.072266,0.058594,1.0386,40.56
-149,125,2126,40.6,-0.072754,0.061035,1.0381,40.6
-148,124,2124,40.64,-0.072266,0.060547,1.0371,40.64
-148,124,2127,40.68,-0.072266,0.060547,1.0386,40.68
-150,121,2126,40.72,-0.073242,0.059082,1.0381,40.72
-152,124,2125,40.76,-0.074219,0.060547,1.0376,40.76
-151,123,2125,40.8,-0.07373,0.060059,1.0376,40.8
-150,121,2126,40.84,-0.073242,0.059082,1.0381,40.84
-151,124,2126,40.88,-0.07373,0.060547,1.0381,40.88
-149,123,2125,40.92,-0.072754,0.060059,1.0376,40.92
-150,121,2125,40.96,-0.073242,0.059082,1.0376,40.96
-148,120,2123,41,-0.072266,0.058594,1.0366,41
-150,122,2123,41.04,-0.073242,0.05957,1.0366,41.04
-149,123,2124,41.08,-0.072754,0.060059,1.0371,41.08
-149,124,2125,41.12,-0.072754,0.060547,1.0376,41.12
-151,123,2124,41.16,-0.07373,0.060059,1.0371,41.16
-148,122,2124,41.2,-0.072266,0.05957,1.0371,41.2
-149,123,2123,41.24,-0.072754,0.060059,1.0366,41.24
-150,123,2124,41.28,-0.073242,0.060059,1.0371,41.28
-148,122,2124,41.32,-0.072266,0.05957,1.0371,41.32
-149,125,2125,41.36,-0.072754,0.061035,1.0376,41.36
-149,123,2123,41.4,-0.072754,0.060059,1.0366,41.4
-150,120,2125,41.44,-0.073242,0.058594,1.0376,41.44
-149,120,2125,41.48,-0.072754,0.058594,1.0376,41.48
-151,124,2124,41.52,-0.07373,0.060547,1.0371,41.52
-151,123,2126,41.56,-0.07373,0.060059,1.0381,41.56
-148,122,2125,41.6,-0.072266,0.05957,1.0376,41.6
-150,123,2125,41.64,-0.073242,0.060059,1.0376,41.64
-150,123,2123,41.68,-0.073242,0.060059,1.0366,41.68
-147,121,2125,41.72,-0.071777,0.059082,1.0376,41.72
-148,120,2125,41.76,-0.072266,0.058594,1.0376,41.76
-152,121,2125,41.8,-0.074219,0.059082,1.0376,41.8
-149,123,2125,41.84,-0.072754,0.060059,1.0376,41.84
-150,123,2123,41.88,-0.073242,0.060059,1.0366,41.88
-150,125,2125,41.92,-0.073242,0.061035,1.0376,41.92
-149,122,2127,41.96,-0.072754,0.05957,1.0386,41.96
-151,124,2125,42,-0.07373,0.060547,1.0376,42
-152,125,2123,42.04,-0.074219,0.061035,1.0366,42.04
-150,121,2125,42.08,-0.073242,0.059082,1.0376,42.08
-150,123,2127,42.12,-0.073242,0.060059,1.0386,42.12
-151,124,2125,42.16,-0.07373,0.060547,1.0376,42.16
-148,124,2127,42.2,-0.072266,0.060547,1.0386,42.2
-152,123,2125,42.24,-0.074219,0.060059,1.0376,42.24
-150,123,2125,42.28,-0.073242,0.060059,1.0376,42.28
-151,122,2123,42.32,-0.07373,0.05957,1.0366,42.32
-150,124,2125,42.36,-0.073242,0.060547,1.0376,42.36
-151,121,2125,42.4,-0.07373,0.059082,1.0376,42.4
-149,123,2125,42.44,-0.072754,0.060059,1.0376,42.44
-149,123,2125,42.48,-0.072754,0.060059,1.0376,42.48
-150,124,2124,42.52,-0.073242,0.060547,1.0371,42.52
-151,123,2127,42.56,-0.07373,0.060059,1.0386,42.56
-150,123,2123,42.6,-0.073242,0.060059,1.0366,42.6
-150,123,2126,42.64,-0.073242,0.060059,1.0381,42.64
-152,122,2125,42.68,-0.074219,0.05957,1.0376,42.68
-150,123,2124,42.72,-0.073242,0.060059,1.0371,42.72
-150,122,2122,42.76,-0.073242,0.05957,1.0361,42.76
-149,125,2122,42.8,-0.072754,0.061035,1.0361,42.8
-150,124,2128,42.84,-0.073242,0.060547,1.0391,42.84
-147,124,2126,42.88,-0.071777,0.060547,1.0381,42.88
-151,123,2125,42.92,-0.07373,0.060059,1.0376,42.92
-151,123,2124,42.96,-0.07373,0.060059,1.0371,42.96
-148,122,2125,43,-0.072266,0.05957,1.0376,43
-150,123,2125,43.04,-0.073242,0.060059,1.0376,43.04
-148,124,2127,43.08,-0.072266,0.060547,1.0386,43.08
-150,124,2124,43.12,-0.073242,0.060547,1.0371,43.12
-150,123,2126,43.16,-0.073242,0.060059,1.0381,43.16
-150,124,2125,43.2,-0.073242,0.060547,1.0376,43.2
-151,121,2125,43.24,-0.07373,0.059082,1.0376,43.24
-151,123,2127,43.28,-0.07373,0.060059,1.0386,43.28
-148,126,2124,43.32,-0.072266,0.061523,1.0371,43.32
-150,123,2125,43.36,-0.073242,0.060059,1.0376,43.36
-147,123,2125,43.4,-0.071777,0.060059,1.0376,43.4
-151,125,2125,43.44,-0.07373,0.061035,1.0376,43.44
-150,125,2129,43.48,-0.073242,0.061035,1.0396,43.48
-152,121,2125,43.52,-0.074219,0.059082,1.0376,43.52
-150,123,2125,43.56,-0.073242,0.060059,1.0376,43.56
-150,124,2124,43.6,-0.073242,0.060547,1.0371,43.6
-151,123,2125,43.64,-0.07373,0.060059,1.0376,43.64
-149,121,2125,43.68,-0.072754,0.059082,1.0376,43.68
-149,124,2127,43.72,-0.072754,0.060547,1.0386,43.72
-152,123,2127,43.76,-0.074219,0.060059,1.0386,43.76
-148,126,2126,43.8,-0.072266,0.061523,1.0381,43.8
-150,122,2124,43.84,-0.073242,0.05957,1.0371,43.84
-150,124,2125,43.88,-0.073242,0.060547,1.0376,43.88
-150,120,2125,43.92,-0.073242,0.058594,1.0376,43.92
-145,121,2125,43.96,-0.070801,0.059082,1.0376,43.96
-150,123,2123,44,-0.073242,0.060059,1.0366,44
-150,124,2124,44.04,-0.073242,0.060547,1.0371,44.04
-150,122,2128,44.08,-0.073242,0.05957,1.0391,44.08
-149,124,2125,44.12,-0.072754,0.060547,1.0376,44.12
-149,124,2126,44.16,-0.072754,0.060547,1.0381,44.16
-150,123,2125,44.2,-0.073242,0.060059,1.0376,44.2
-148,123,2125,44.24,-0.072266,0.060059,1.0376,44.24
-151,124,2125,44.28,-0.07373,0.060547,1.0376,44.28
-150,122,2124,44.32,-0.073242,0.05957,1.0371,44.32
-151,123,2125,44.36,-0.07373,0.060059,1.0376,44.36
-149,123,2122,44.4,-0.072754,0.060059,1.0361,44.4
-150,124,2124,44.44,-0.073242,0.060547,1.0371,44.44
-150,123,2125,44.48,-0.073242,0.060059,1.0376,44.48
-149,123,2126,44.52,-0.072754,0.060059,1.0381,44.52
-150,121,2124,44.56,-0.073242,0.059082,1.0371,44.56
-151,123,2122,44.6,-0.07373,0.060059,1.0361,44.6
-148,121,2124,44.64,-0.072266,0.059082,1.0371,44.64
-148,123,2127,44.68,-0.072266,0.060059,1.0386,44.68
-150,121,2125,44.72,-0.073242,0.059082,1.0376,44.72
-149,122,2124,44.76,-0.072754,0.05957,1.0371,44.76
-151,123,2125,44.8,-0.07373,0.060059,1.0376,44.8
-151,123,2126,44.84,-0.07373,0.060059,1.0381,44.84
-149,122,2127,44.88,-0.072754,0.05957,1.0386,44.88
-150,122,2127,44.92,-0.073242,0.05957,1.0386,44.92
-149,123,2126,44.96,-0.072754,0.060059,1.0381,44.96
-149,125,2124,45,-0.072754,0.061035,1.0371,45
-148,122,2123,45.04,-0.072266,0.05957,1.0366,45.04
-147,121,2126,45.08,-0.071777,0.059082,1.0381,45.08
-147,125,2123,45.12,-0.071777,0.061035,1.0366,45.12
-150,122,2124,45.16,-0.073242,0.05957,1.0371,45.16
-149,123,2127,45.2,-0.072754,0.060059,1.0386,45.2
-151,120,2125,45.24,-0.07373,0.058594,1.0376,45.24
-150,123,2125,45.28,-0.073242,0.060059,1.0376,45.28
-150,123,2126,45.32,-0.073242,0.060059,1.0381,45.32
-151,121,2125,45.36,-0.07373,0.059082,1.0376,45.36
-151,122,2125,45.4,-0.07373,0.05957,1.0376,45.4
-148,123,2126,45.44,-0.072266,0.060059,1.0381,45.44
-149,124,2126,45.48,-0.072754,0.060547,1.0381,45.48
-149,123,2126,45.52,-0.072754,0.060059,1.0381,45.52
-151,124,2125,45.56,-0.07373,0.060547,1.0376,45.56
-151,122,2126,45.6,-0.07373,0.05957,1.0381,45.6
-149,121,2127,45.64,-0.072754,0.059082,1.0386,45.64
-149,123,2125,45.68,-0.072754,0.060059,1.0376,45.68
-149,124,2128,45.72,-0.072754,0.060547,1.0391,45.72
-148,123,2126,45.76,-0.072266,0.060059,1.0381,45.76
-149,120,2125,45.8,-0.072754,0.058594,1.0376,45.8
-149,122,2124,45.84,-0.072754,0.05957,1.0371,45.84
-151,123,2126,45.88,-0.07373,0.060059,1.0381,45.88
-151,122,2126,45.92,-0.07373,0.05957,1.0381,45.92
-150,122,2125,45.96,-0.073242,0.05957,1.0376,45.96
-148,122,2121,46,-0.072266,0.05957,1.0356,46
-151,124,2123,46.04,-0.07373,0.060547,1.0366,46.04
-152,122,2123,46.08,-0.074219,0.05957,1.0366,46.08
-150,121,2123,46.12,-0.073242,0.059082,1.0366,46.12
-149,121,2124,46.16,-0.072754,0.059082,1.0371,46.16
-151,124,2125,46.2,-0.07373,0.060547,1.0376,46.2
-151,122,2124,46.24,-0.07373,0.05957,1.0371,46.24
-151,122,2125,46.28,-0.07373,0.05957,1.0376,46.28
-150,122,2125,46.32,-0.073242,0.05957,1.0376,46.32
-150,123,2124,46.36,-0.073242,0.060059,1.0371,46.36
-150,121,2125,46.4,-0.073242,0.059082,1.0376,46.4
-149,122,2126,46.44,-0.072754,0.05957,1.0381,46.44
-149,123,2122,46.48,-0.072754,0.060059,1.0361,46.48
-152,120,2124,46.52,-0.074219,0.058594,1.0371,46.52
-149,122,2123,46.56,-0.072754,0.05957,1.0366,46.56
-149,123,2122,46.6,-0.072754,0.060059,1.0361,46.6
-150,121,2127,46.64,-0.073242,0.059082,1.0386,46.64
-148,123,2128,46.68,-0.072266,0.060059,1.0391,46.68
-149,122,2125,46.72,-0.072754,0.05957,1.0376,46.72
-149,126,2127,46.76,-0.072754,0.061523,1.0386,46.76
-150,120,2127,46.8,-0.073242,0.058594,1.0386,46.8
-149,123,2125,46.84,-0.072754,0.060059,1.0376,46.84
-150,122,2123,46.88,-0.073242,0.05957,1.0366,46.88
-149,124,2124,46.92,-0.072754,0.060547,1.0371,46.92
-151,124,2125,46.96,-0.07373,0.060547,1.0376,46.96
-149,120,2127,47,-0.072754,0.058594,1.0386,47
-149,119,2125,47.04,-0.072754,0.058105,1.0376,47.04
-151,123,2127,47.08,-0.07373,0.060059,1.0386,47.08
-151,123,2127,47.12,-0.07373,0.060059,1.0386,47.12
-149,123,2126,47.16,-0.072754,0.060059,1.0381,47.16
-150,124,2127,47.2,-0.073242,0.060547,1.0386,47.2
-148,122,2126,47.24,-0.072266,0.05957,1.0381,47.24
-152,124,2126,47.28,-0.074219,0.060547,1.0381,47.28
-150,122,2126,47.32,-0.073242,0.05957,1.0381,47.32
-149,123,2125,47.36,-0.072754,0.060059,1.0376,47.36
-150,120,2122,47.4,-0.073242,0.058594,1.0361,47.4
-147,122,2126,47.44,-0.071777,0.05957,1.0381,47.44
-150,120,2126,47.48,-0.073242,0.058594,1.0381,47.48
-151,123,2126,47.52,-0.07373,0.060059,1.0381,47.52
-149,122,2125,47.56,-0.072754,0.05957,1.0376,47.56
-148,125,2125,47.6,-0.072266,0.061035,1.0376,47.6
-151,122,2123,47.64,-0.07373,0.05957,1.0366,47.64
-152,121,2124,47.68,-0.074219,0.059082,1.0371,47.68
-152,126,2128,47.72,-0.074219,0.061523,1.0391,47.72
-149,121,2126,47.76,-0.072754,0.059082,1.0381,47.76
-150,121,2125,47.8,-0.073242,0.059082,1.0376,47.8
-150,123,2127,47.84,-0.073242,0.060059,1.0386,47.84
-148,125,2124,47.88,-0.072266,0.061035,1.0371,47.88
-153,125,2124,47.92,-0.074707,0.061035,1.0371,47.92
-149,122,2127,47.96,-0.072754,0.05957,1.0386,47.96
-150,122,2124,48,-0.073242,0.05957,1.0371,48
-150,125,2124,48.04,-0.073242,0.061035,1.0371,48.04
-150,123,2125,48.08,-0.073242,0.060059,1.0376,48.08
-150,123,2126,48.12,-0.073242,0.060059,1.0381,48.12
-148,125,2126,48.16,-0.072266,0.061035,1.0381,48.16
-150,123,2126,48.2,-0.073242,0.060059,1.0381,48.2
-150,121,2127,48.24,-0.073242,0.059082,1.0386,48.24
-150,126,2123,48.28,-0.073242,0.061523,1.0366,48.28
-148,124,2125,48.32,-0.072266,0.060547,1.0376,48.32
-150,124,2126,48.36,-0.073242,0.060547,1.0381,48.36
-148,122,2126,48.4,-0.072266,0.05957,1.0381,48.4
-150,122,2127,48.44,-0.073242,0.05957,1.0386,48.44
-151,124,2127,48.48,-0.07373,0.060547,1.0386,48.48
-148,119,2125,48.52,-0.072266,0.058105,1.0376,48.52
-149,126,2126,48.56,-0.072754,0.061523,1.0381,48.56
-148,124,2125,48.6,-0.072266,0.060547,1.0376,48.6
-150,125,2124,48.64,-0.073242,0.061035,1.0371,48.64
-150,126,2125,48.68,-0.073242,0.061523,1.0376,48.68
-149,121,2125,48.72,-0.072754,0.059082,1.0376,48.72
-150,124,2123,48.76,-0.073242,0.060547,1.0366,48.76
-148,124,2123,48.8,-0.072266,0.060547,1.0366,48.8
-151,123,2127,48.84,-0.07373,0.060059,1.0386,48.84
-150,123,2124,48.88,-0.073242,0.060059,1.0371,48.88
-149,126,2126,48.92,-0.072754,0.061523,1.0381,48.92
-149,121,2128,48.96,-0.072754,0.059082,1.0391,48.96
-150,122,2125,49,-0.073242,0.05957,1.0376,49
-149,124,2124,49.04,-0.072754,0.060547,1.0371,49.04
-148,122,2124,49.08,-0.072266,0.05957,1.0371,49.08
-151,125,2128,49.12,-0.07373,0.061035,1.0391,49.12
-149,124,2127,49.16,-0.072754,0.060547,1.0386,49.16
-149,119,2126,49.2,-0.072754,0.058105,1.0381,49.2
-148,122,2128,49.24,-0.072266,0.05957,1.0391,49.24
-151,124,2125,49.28,-0.07373,0.060547,1.0376,49.28
-149,122,2126,49.32,-0.072754,0.05957,1.0381,49.32
-149,124,2124,49.36,-0.072754,0.060547,1.0371,49.36
-150,125,2125,49.4,-0.073242,0.061035,1.0376,49.4
-149,124,2127,49.44,-0.072754,0.060547,1.0386,49.44
-148,122,2124,49.48,-0.072266,0.05957,1.0371,49.48
-152,125,2125,49.52,-0.074219,0.061035,1.0376,49.52
-149,122,2120,49.56,-0.072754,0.05957,1.0352,49.56
-150,125,2129,49.6,-0.073242,0.061035,1.0396,49.6
-145,118,2122,49.64,-0.070801,0.057617,1.0361,49.64
-153,127,2127,49.68,-0.074707,0.062012,1.0386,49.68
-145,122,2123,49.72,-0.070801,0.05957,1.0366,49.72
-153,126,2126,49.76,-0.074707,0.061523,1.0381,49.76
-148,121,2126,49.8,-0.072266,0.059082,1.0381,49.8
-147,122,2125,49.84,-0.071777,0.05957,1.0376,49.84
-154,124,2128,49.88,-0.075195,0.060547,1.0391,49.88
-147,125,2122,49.92,-0.071777,0.061035,1.0361,49.92
-150,123,2127,49.96,-0.073242,0.060059,1.0386,49.96
-149,124,2127,50,-0.072754,0.060547,1.0386,50
-151,121,2125,50.04,-0.07373,0.059082,1.0376,50.04
-152,121,2123,50.08,-0.074219,0.059082,1.0366,50.08
-151,125,2124,50.12,-0.07373,0.061035,1.0371,50.12
-151,124,2126,50.16,-0.07373,0.060547,1.0381,50.16
-148,121,2124,50.2,-0.072266,0.059082,1.0371,50.2
-149,124,2125,50.24,-0.072754,0.060547,1.0376,50.24
-149,120,2124,50.28,-0.072754,0.058594,1.0371,50.28
-151,124,2127,50.32,-0.07373,0.060547,1.0386,50.32
-146,122,2122,50.36,-0.071289,0.05957,1.0361,50.36
-152,122,2126,50.4,-0.074219,0.05957,1.0381,50.4
-146,123,2126,50.44,-0.071289,0.060059,1.0381,50.44
-152,124,2125,50.48,-0.074219,0.060547,1.0376,50.48
-152,123,2126,50.52,-0.074219,0.060059,1.0381,50.52
-149,121,2126,50.56,-0.072754,0.059082,1.0381,50.56
-151,121,2125,50.6,-0.07373,0.059082,1.0376,50.6
-145,119,2120,50.64,-0.070801,0.058105,1.0352,50.64
-151,128,2126,50.68,-0.07373,0.0625,1.0381,50.68
-151,129,2126,50.72,-0.07373,0.062988,1.0381,50.72
-150,114,2123,50.76,-0.073242,0.055664,1.0366,50.76
-155,119,2125,50.8,-0.075684,0.058105,1.0376,50.8
-146,130,2125,50.84,-0.071289,0.063477,1.0376,50.84
-146,127,2126,50.88,-0.071289,0.062012,1.0381,50.88
-152,118,2125,50.92,-0.074219,0.057617,1.0376,50.92
-151,124,2126,50.96,-0.07373,0.060547,1.0381,50.96
-151,123,2125,51,-0.07373,0.060059,1.0376,51
-150,122,2124,51.04,-0.073242,0.05957,1.0371,51.04
-149,121,2127,51.08,-0.072754,0.059082,1.0386,51.08
-151,123,2125,51.12,-0.07373,0.060059,1.0376,51.12
-152,122,2124,51.16,-0.074219,0.05957,1.0371,51.16
-149,124,2126,51.2,-0.072754,0.060547,1.0381,51.2
-145,118,2126,51.24,-0.070801,0.057617,1.0381,51.24
-154,123,2128,51.28,-0.075195,0.060059,1.0391,51.28
-148,130,2127,51.32,-0.072266,0.063477,1.0386,51.32
-141,118,2122,51.36,-0.068848,0.057617,1.0361,51.36
-156,125,2131,51.4,-0.076172,0.061035,1.0405,51.4
-147,126,2121,51.44,-0.071777,0.061523,1.0356,51.44
-149,122,2122,51.48,-0.072754,0.05957,1.0361,51.48
-147,123,2120,51.52,-0.071777,0.060059,1.0352,51.52
-158,125,2132,51.56,-0.077148,0.061035,1.041,51.56
-148,123,2118,51.6,-0.072266,0.060059,1.0342,51.6
-147,125,2130,51.64,-0.071777,0.061035,1.04,51.64
-148,122,2119,51.68,-0.072266,0.05957,1.0347,51.68
-154,125,2126,51.72,-0.075195,0.061035,1.0381,51.72
-151,123,2127,51.76,-0.07373,0.060059,1.0386,51.76
-150,121,2123,51.8,-0.073242,0.059082,1.0366,51.8
-152,125,2122,51.84,-0.074219,0.061035,1.0361,51.84
-150,121,2126,51.88,-0.073242,0.059082,1.0381,51.88
-148,121,2125,51.92,-0.072266,0.059082,1.0376,51.92
-151,123,2122,51.96,-0.07373,0.060059,1.0361,51.96
-149,123,2122,52,-0.072754,0.060059,1.0361,52
-150,122,2126,52.04,-0.073242,0.05957,1.0381,52.04
-152,123,2124,52.08,-0.074219,0.060059,1.0371,52.08
-154,124,2123,52.12,-0.075195,0.060547,1.0366,52.12
-150,123,2125,52.16,-0.073242,0.060059,1.0376,52.16
-149,123,2126,52.2,-0.072754,0.060059,1.0381,52.2
-152,126,2125,52.24,-0.074219,0.061523,1.0376,52.24
-151,123,2125,52.28,-0.07373,0.060059,1.0376,52.28
-150,123,2124,52.32,-0.073242,0.060059,1.0371,52.32
-151,124,2126,52.36,-0.07373,0.060547,1.0381,52.36
-152,123,2123,52.4,-0.074219,0.060059,1.0366,52.4
-151,122,2124,52.44,-0.07373,0.05957,1.0371,52.44
-151,123,2126,52.48,-0.07373,0.060059,1.0381,52.48
-151,124,2124,52.52,-0.07373,0.060547,1.0371,52.52
-150,121,2125,52.56,-0.073242,0.059082,1.0376,52.56
-152,121,2128,52.6,-0.074219,0.059082,1.0391,52.6
-152,123,2126,52.64,-0.074219,0.060059,1.0381,52.64
-151,125,2124,52.68,-0.07373,0.061035,1.0371,52.68
-149,123,2129,52.72,-0.072754,0.060059,1.0396,52.72
-149,122,2126,52.76,-0.072754,0.05957,1.0381,52.76
-150,123,2126,52.8,-0.073242,0.060059,1.0381,52.8
-153,121,2128,52.84,-0.074707,0.059082,1.0391,52.84
-152,123,2125,52.88,-0.074219,0.060059,1.0376,52.88
-150,121,2126,52.92,-0.073242,0.059082,1.0381,52.92
-147,123,2125,52.96,-0.071777,0.060059,1.0376,52.96
-151,124,2123,53,-0.07373,0.060547,1.0366,53
-147,124,2122,53.04,-0.071777,0.060547,1.0361,53.04
-150,122,2127,53.08,-0.073242,0.05957,1.0386,53.08
-150,122,2126,53.12,-0.073242,0.05957,1.0381,53.12
-150,125,2124,53.16,-0.073242,0.061035,1.0371,53.16
-149,122,2122,53.2,-0.072754,0.05957,1.0361,53.2
-150,120,2121,53.24,-0.073242,0.058594,1.0356,53.24
-149,121,2122,53.28,-0.072754,0.059082,1.0361,53.28
-151,123,2125,53.32,-0.07373,0.060059,1.0376,53.32
-149,121,2124,53.36,-0.072754,0.059082,1.0371,53.36
-149,121,2125,53.4,-0.072754,0.059082,1.0376,53.4
-147,122,2124,53.44,-0.071777,0.05957,1.0371,53.44
-150,121,2125,53.48,-0.073242,0.059082,1.0376,53.48
-149,122,2124,53.52,-0.072754,0.05957,1.0371,53.52
-151,121,2125,53.56,-0.07373,0.059082,1.0376,53.56
-149,124,2124,53.6,-0.072754,0.060547,1.0371,53.6
-150,121,2126,53.64,-0.073242,0.059082,1.0381,53.64
-150,124,2128,53.68,-0.073242,0.060547,1.0391,53.68
-150,122,2122,53.72,-0.073242,0.05957,1.0361,53.72
-149,124,2126,53.76,-0.072754,0.060547,1.0381,53.76
-149,121,2125,53.8,-0.072754,0.059082,1.0376,53.8
-150,121,2125,53.84,-0.073242,0.059082,1.0376,53.84
-150,119,2121,53.88,-0.073242,0.058105,1.0356,53.88
-149,121,2122,53.92,-0.072754,0.059082,1.0361,53.92
-150,122,2125,53.96,-0.073242,0.05957,1.0376,53.96
-148,122,2126,54,-0.072266,0.05957,1.0381,54
-149,124,2125,54.04,-0.072754,0.060547,1.0376,54.04
-151,124,2125,54.08,-0.07373,0.060547,1.0376,54.08
-149,122,2125,54.12,-0.072754,0.05957,1.0376,54.12
-150,124,2124,54.16,-0.073242,0.060547,1.0371,54.16
-149,124,2124,54.2,-0.072754,0.060547,1.0371,54.2
-150,122,2126,54.24,-0.073242,0.05957,1.0381,54.24
-150,122,2126,54.28,-0.073242,0.05957,1.0381,54.28
-150,124,2124,54.32,-0.073242,0.060547,1.0371,54.32
-148,121,2125,54.36,-0.072266,0.059082,1.0376,54.36
-151,122,2124,54.4,-0.07373,0.05957,1.0371,54.4
-150,122,2123,54.44,-0.073242,0.05957,1.0366,54.44
