sampRate, 100,
sampRateUnits, Hz,
scale, 1.312000e+02,
scaleUnits, dps,
rawData_x,rawData_y,rawData_z,rawData_seconds,data_x,data_y,data_z,data_seconds,
-47,76,73,0,-0.35823,0.57927,0.5564,0
-25,83,74,0.01,-0.19055,0.63262,0.56402,0.01
-41,16,124,0.02,-0.3125,0.12195,0.94512,0.02
-87,49,197,0.03,-0.66311,0.37348,1.5015,0.03
-32,26,85,0.04,-0.2439,0.19817,0.64787,0.04
-24,18,99,0.05,-0.18293,0.1372,0.75457,0.05
-25,22,106,0.06,-0.19055,0.16768,0.80793,0.06
-33,24,100,0.07,-0.25152,0.18293,0.7622,0.07
-19,43,99,0.08,-0.14482,0.32774,0.75457,0.08
-31,38,102,0.09,-0.23628,0.28963,0.77744,0.09
-37,22,103,0.1,-0.28201,0.16768,0.78506,0.1
-33,22,84,0.11,-0.25152,0.16768,0.64024,0.11
-32,27,87,0.12,-0.2439,0.20579,0.66311,0.12
-31,19,103,0.13,-0.23628,0.14482,0.78506,0.13
-40,20,100,0.14,-0.30488,0.15244,0.7622,0.14
-40,32,100,0.15,-0.30488,0.2439,0.7622,0.15
-33,37,101,0.16,-0.25152,0.28201,0.76982,0.16
-32,26,105,0.17,-0.2439,0.19817,0.8003,0.17
-23,25,103,0.18,-0.1753,0.19055,0.78506,0.18
-38,33,101,0.19,-0.28963,0.25152,0.76982,0.19
-22,28,95,0.2,-0.16768,0.21341,0.72409,0.2
-20,23,94,0.21,-0.15244,0.1753,0.71646,0.21
-32,24,100,0.22,-0.2439,0.18293,0.7622,0.22
-42,27,107,0.23,-0.32012,0.20579,0.81555,0.23
-26,31,105,0.24,-0.19817,0.23628,0.8003,0.24
-33,24,110,0.25,-0.25152,0.18293,0.83841,0.25
-28,26,100,0.26,-0.21341,0.19817,0.7622,0.26
-29,32,95,0.27,-0.22104,0.2439,0.72409,0.27
-30,27,99,0.28,-0.22866,0.20579,0.75457,0.28
-24,27,111,0.29,-0.18293,0.20579,0.84604,0.29
-31,32,107,0.3,-0.23628,0.2439,0.81555,0.3
-37,32,104,0.31,-0.28201,0.2439,0.79268,0.31
-29,27,95,0.32,-0.22104,0.20579,0.72409,0.32
-27,28,98,0.33,-0.20579,0.21341,0.74695,0.33
-30,28,98,0.34,-0.22866,0.21341,0.74695,0.34
-22,37,104,0.35,-0.16768,0.28201,0.79268,0.35
-27,35,107,0.36,-0.20579,0.26677,0.81555,0.36
-38,29,107,0.37,-0.28963,0.22104,0.81555,0.37
-32,33,95,0.38,-0.2439,0.25152,0.72409,0.38
-28,31,94,0.39,-0.21341,0.23628,0.71646,0.39
-23,23,102,0.4,-0.1753,0.1753,0.77744,0.4
-42,31,107,0.41,-0.32012,0.23628,0.81555,0.41
-32,29,107,0.42,-0.2439,0.22104,0.81555,0.42
-30,27,108,0.43,-0.22866,0.20579,0.82317,0.43
-39,30,104,0.44,-0.29726,0.22866,0.79268,0.44
-21,29,95,0.45,-0.16006,0.22104,0.72409,0.45
-29,33,90,0.46,-0.22104,0.25152,0.68598,0.46
-29,39,99,0.47,-0.22104,0.29726,0.75457,0.47
-31,18,103,0.48,-0.23628,0.1372,0.78506,0.48
-23,34,99,0.49,-0.1753,0.25915,0.75457,0.49
-33,32,100,0.5,-0.25152,0.2439,0.7622,0.5
-27,23,107,0.51,-0.20579,0.1753,0.81555,0.51
-23,19,109,0.52,-0.1753,0.14482,0.83079,0.52
-29,27,99,0.53,-0.22104,0.20579,0.75457,0.53
-28,27,89,0.54,-0.21341,0.20579,0.67835,0.54
-27,31,104,0.55,-0.20579,0.23628,0.79268,0.55
-25,28,101,0.56,-0.19055,0.21341,0.76982,0.56
-24,27,99,0.57,-0.18293,0.20579,0.75457,0.57
-28,26,102,0.58,-0.21341,0.19817,0.77744,0.58
-20,25,101,0.59,-0.15244,0.19055,0.76982,0.59
-27,28,104,0.6,-0.20579,0.21341,0.79268,0.6
-25,27,106,0.61,-0.19055,0.20579,0.80793,0.61
-34,32,98,0.62,-0.25915,0.2439,0.74695,0.62
-37,33,98,0.63,-0.28201,0.25152,0.74695,0.63
-16,26,106,0.64,-0.12195,0.19817,0.80793,0.64
1,45,98,0.65,0.007622,0.34299,0.74695,0.65
40,59,91,0.66,0.30488,0.4497,0.6936,0.66
31,51,95,0.67,0.23628,0.38872,0.72409,0.67
-43,31,97,0.68,-0.32774,0.23628,0.73933,0.68
-72,9,81,0.69,-0.54878,0.068598,0.61738,0.69
-50,17,90,0.7,-0.3811,0.12957,0.68598,0.7
-13,42,104,0.71,-0.099085,0.32012,0.79268,0.71
-20,47,109,0.72,-0.15244,0.35823,0.83079,0.72
-56,38,109,0.73,-0.42683,0.28963,0.83079,0.73
-43,29,103,0.74,-0.32774,0.22104,0.78506,0.74
-19,22,98,0.75,-0.14482,0.16768,0.74695,0.75
12,45,93,0.76,0.091463,0.34299,0.70884,0.76
11,44,98,0.77,0.083841,0.33537,0.74695,0.77
-4,45,100,0.78,-0.030488,0.34299,0.7622,0.78
-27,33,94,0.79,-0.20579,0.25152,0.71646,0.79
-28,18,106,0.8,-0.21341,0.1372,0.80793,0.8
-23,19,102,0.81,-0.1753,0.14482,0.77744,0.81
-43,31,103,0.82,-0.32774,0.23628,0.78506,0.82
-26,24,102,0.83,-0.19817,0.18293,0.77744,0.83
-19,29,105,0.84,-0.14482,0.22104,0.8003,0.84
-29,29,100,0.85,-0.22104,0.22104,0.7622,0.85
-18,31,95,0.86,-0.1372,0.23628,0.72409,0.86
-12,32,84,0.87,-0.091463,0.2439,0.64024,0.87
-22,34,87,0.88,-0.16768,0.25915,0.66311,0.88
-30,36,91,0.89,-0.22866,0.27439,0.6936,0.89
-29,31,96,0.9,-0.22104,0.23628,0.73171,0.9
-21,26,108,0.91,-0.16006,0.19817,0.82317,0.91
-22,25,108,0.92,-0.16768,0.19055,0.82317,0.92
-27,32,102,0.93,-0.20579,0.2439,0.77744,0.93
-38,37,102,0.94,-0.28963,0.28201,0.77744,0.94
-43,23,93,0.95,-0.32774,0.1753,0.70884,0.95
-41,33,91,0.96,-0.3125,0.25152,0.6936,0.96
-36,32,96,0.97,-0.27439,0.2439,0.73171,0.97
-25,38,108,0.98,-0.19055,0.28963,0.82317,0.98
-19,33,102,0.99,-0.14482,0.25152,0.77744,0.99
-44,21,96,1,-0.33537,0.16006,0.73171,1
-49,24,113,1.01,-0.37348,0.18293,0.86128,1.01
-31,38,113,1.02,-0.23628,0.28963,0.86128,1.02
-25,27,107,1.03,-0.19055,0.20579,0.81555,1.03
-28,32,105,1.04,-0.21341,0.2439,0.8003,1.04
-30,29,100,1.05,-0.22866,0.22104,0.7622,1.05
-19,27,106,1.06,-0.14482,0.20579,0.80793,1.06
-22,35,103,1.07,-0.16768,0.26677,0.78506,1.07
-24,31,102,1.08,-0.18293,0.23628,0.77744,1.08
-24,38,102,1.09,-0.18293,0.28963,0.77744,1.09
-33,43,106,1.1,-0.25152,0.32774,0.80793,1.1
-29,26,99,1.11,-0.22104,0.19817,0.75457,1.11
-33,30,97,1.12,-0.25152,0.22866,0.73933,1.12
-34,31,101,1.13,-0.25915,0.23628,0.76982,1.13
-26,24,96,1.14,-0.19817,0.18293,0.73171,1.14
-17,33,105,1.15,-0.12957,0.25152,0.8003,1.15
-23,43,106,1.16,-0.1753,0.32774,0.80793,1.16
-37,28,105,1.17,-0.28201,0.21341,0.8003,1.17
-34,34,102,1.18,-0.25915,0.25915,0.77744,1.18
-24,43,100,1.19,-0.18293,0.32774,0.7622,1.19
-10,33,101,1.2,-0.07622,0.25152,0.76982,1.2
-29,28,104,1.21,-0.22104,0.21341,0.79268,1.21
-29,23,101,1.22,-0.22104,0.1753,0.76982,1.22
-36,32,106,1.23,-0.27439,0.2439,0.80793,1.23
-23,28,101,1.24,-0.1753,0.21341,0.76982,1.24
-22,22,101,1.25,-0.16768,0.16768,0.76982,1.25
-21,27,100,1.26,-0.16006,0.20579,0.7622,1.26
-27,47,100,1.27,-0.20579,0.35823,0.7622,1.27
-20,36,103,1.28,-0.15244,0.27439,0.78506,1.28
-24,30,108,1.29,-0.18293,0.22866,0.82317,1.29
-34,31,108,1.3,-0.25915,0.23628,0.82317,1.3
-35,28,100,1.31,-0.26677,0.21341,0.7622,1.31
-25,29,102,1.32,-0.19055,0.22104,0.77744,1.32
-35,30,100,1.33,-0.26677,0.22866,0.7622,1.33
-26,34,101,1.34,-0.19817,0.25915,0.76982,1.34
-22,38,97,1.35,-0.16768,0.28963,0.73933,1.35
-30,31,98,1.36,-0.22866,0.23628,0.74695,1.36
-30,27,97,1.37,-0.22866,0.20579,0.73933,1.37
-41,31,93,1.38,-0.3125,0.23628,0.70884,1.38
-32,38,97,1.39,-0.2439,0.28963,0.73933,1.39
-20,28,95,1.4,-0.15244,0.21341,0.72409,1.4
-25,23,93,1.41,-0.19055,0.1753,0.70884,1.41
-42,26,96,1.42,-0.32012,0.19817,0.73171,1.42
-35,28,95,1.43,-0.26677,0.21341,0.72409,1.43
-29,19,97,1.44,-0.22104,0.14482,0.73933,1.44
-30,24,100,1.45,-0.22866,0.18293,0.7622,1.45
-32,28,103,1.46,-0.2439,0.21341,0.78506,1.46
-24,27,112,1.47,-0.18293,0.20579,0.85366,1.47
-27,32,96,1.48,-0.20579,0.2439,0.73171,1.48
-25,27,95,1.49,-0.19055,0.20579,0.72409,1.49
-29,29,95,1.5,-0.22104,0.22104,0.72409,1.5
-24,34,92,1.51,-0.18293,0.25915,0.70122,1.51
-29,32,93,1.52,-0.22104,0.2439,0.70884,1.52
-37,25,102,1.53,-0.28201,0.19055,0.77744,1.53
-37,28,100,1.54,-0.28201,0.21341,0.7622,1.54
-34,26,97,1.55,-0.25915,0.19817,0.73933,1.55
-32,25,97,1.56,-0.2439,0.19055,0.73933,1.56
-15,31,101,1.57,-0.11433,0.23628,0.76982,1.57
-20,32,108,1.58,-0.15244,0.2439,0.82317,1.58
-34,22,98,1.59,-0.25915,0.16768,0.74695,1.59
-31,31,97,1.6,-0.23628,0.23628,0.73933,1.6
-40,24,104,1.61,-0.30488,0.18293,0.79268,1.61
-28,28,106,1.62,-0.21341,0.21341,0.80793,1.62
-25,30,93,1.63,-0.19055,0.22866,0.70884,1.63
-45,30,97,1.64,-0.34299,0.22866,0.73933,1.64
-33,25,105,1.65,-0.25152,0.19055,0.8003,1.65
-20,13,103,1.66,-0.15244,0.099085,0.78506,1.66
-18,16,101,1.67,-0.1372,0.12195,0.76982,1.67
-32,32,90,1.68,-0.2439,0.2439,0.68598,1.68
-29,29,106,1.69,-0.22104,0.22104,0.80793,1.69
-24,30,114,1.7,-0.18293,0.22866,0.8689,1.7
-25,35,102,1.71,-0.19055,0.26677,0.77744,1.71
-26,38,99,1.72,-0.19817,0.28963,0.75457,1.72
-21,38,99,1.73,-0.16006,0.28963,0.75457,1.73
-30,32,105,1.74,-0.22866,0.2439,0.8003,1.74
-34,25,104,1.75,-0.25915,0.19055,0.79268,1.75
-34,30,97,1.76,-0.25915,0.22866,0.73933,1.76
-47,34,106,1.77,-0.35823,0.25915,0.80793,1.77
-50,29,89,1.78,-0.3811,0.22104,0.67835,1.78
-37,22,97,1.79,-0.28201,0.16768,0.73933,1.79
-30,22,99,1.8,-0.22866,0.16768,0.75457,1.8
-21,22,92,1.81,-0.16006,0.16768,0.70122,1.81
-12,34,93,1.82,-0.091463,0.25915,0.70884,1.82
-27,28,94,1.83,-0.20579,0.21341,0.71646,1.83
-34,32,97,1.84,-0.25915,0.2439,0.73933,1.84
-28,23,95,1.85,-0.21341,0.1753,0.72409,1.85
-35,30,105,1.86,-0.26677,0.22866,0.8003,1.86
-30,41,104,1.87,-0.22866,0.3125,0.79268,1.87
-20,30,108,1.88,-0.15244,0.22866,0.82317,1.88
-11,38,96,1.89,-0.083841,0.28963,0.73171,1.89
-29,35,92,1.9,-0.22104,0.26677,0.70122,1.9
-25,30,102,1.91,-0.19055,0.22866,0.77744,1.91
-29,34,99,1.92,-0.22104,0.25915,0.75457,1.92
-41,27,92,1.93,-0.3125,0.20579,0.70122,1.93
-35,27,96,1.94,-0.26677,0.20579,0.73171,1.94
-30,33,96,1.95,-0.22866,0.25152,0.73171,1.95
-26,28,99,1.96,-0.19817,0.21341,0.75457,1.96
-34,29,103,1.97,-0.25915,0.22104,0.78506,1.97
-49,31,99,1.98,-0.37348,0.23628,0.75457,1.98
-43,28,95,1.99,-0.32774,0.21341,0.72409,1.99
-24,35,99,2,-0.18293,0.26677,0.75457,2
-20,37,108,2.01,-0.15244,0.28201,0.82317,2.01
-25,34,105,2.02,-0.19055,0.25915,0.8003,2.02
-28,30,103,2.03,-0.21341,0.22866,0.78506,2.03
-39,28,94,2.04,-0.29726,0.21341,0.71646,2.04
-36,33,96,2.05,-0.27439,0.25152,0.73171,2.05
-14,24,113,2.06,-0.10671,0.18293,0.86128,2.06
-23,31,106,2.07,-0.1753,0.23628,0.80793,2.07
-23,31,96,2.08,-0.1753,0.23628,0.73171,2.08
-32,33,92,2.09,-0.2439,0.25152,0.70122,2.09
-29,37,98,2.1,-0.22104,0.28201,0.74695,2.1
-33,26,97,2.11,-0.25152,0.19817,0.73933,2.11
-35,24,90,2.12,-0.26677,0.18293,0.68598,2.12
-32,40,88,2.13,-0.2439,0.30488,0.67073,2.13
-30,33,96,2.14,-0.22866,0.25152,0.73171,2.14
-29,30,91,2.15,-0.22104,0.22866,0.6936,2.15
-29,30,100,2.16,-0.22104,0.22866,0.7622,2.16
-38,20,98,2.17,-0.28963,0.15244,0.74695,2.17
-30,29,99,2.18,-0.22866,0.22104,0.75457,2.18
-31,30,105,2.19,-0.23628,0.22866,0.8003,2.19
-32,30,103,2.2,-0.2439,0.22866,0.78506,2.2
-38,25,94,2.21,-0.28963,0.19055,0.71646,2.21
-42,33,99,2.22,-0.32012,0.25152,0.75457,2.22
-44,32,109,2.23,-0.33537,0.2439,0.83079,2.23
-44,32,114,2.24,-0.33537,0.2439,0.8689,2.24
-20,26,102,2.25,-0.15244,0.19817,0.77744,2.25
-21,30,103,2.26,-0.16006,0.22866,0.78506,2.26
-37,30,100,2.27,-0.28201,0.22866,0.7622,2.27
-31,21,100,2.28,-0.23628,0.16006,0.7622,2.28
-30,22,100,2.29,-0.22866,0.16768,0.7622,2.29
-40,34,97,2.3,-0.30488,0.25915,0.73933,2.3
-24,36,103,2.31,-0.18293,0.27439,0.78506,2.31
-22,31,104,2.32,-0.16768,0.23628,0.79268,2.32
-27,24,108,2.33,-0.20579,0.18293,0.82317,2.33
-21,26,97,2.34,-0.16006,0.19817,0.73933,2.34
-26,19,96,2.35,-0.19817,0.14482,0.73171,2.35
-25,39,97,2.36,-0.19055,0.29726,0.73933,2.36
-32,40,96,2.37,-0.2439,0.30488,0.73171,2.37
-33,37,100,2.38,-0.25152,0.28201,0.7622,2.38
-23,26,101,2.39,-0.1753,0.19817,0.76982,2.39
-31,21,88,2.4,-0.23628,0.16006,0.67073,2.4
-39,23,95,2.41,-0.29726,0.1753,0.72409,2.41
-38,30,106,2.42,-0.28963,0.22866,0.80793,2.42
-34,25,99,2.43,-0.25915,0.19055,0.75457,2.43
-34,28,90,2.44,-0.25915,0.21341,0.68598,2.44
-33,22,102,2.45,-0.25152,0.16768,0.77744,2.45
-16,18,99,2.46,-0.12195,0.1372,0.75457,2.46
-33,33,102,2.47,-0.25152,0.25152,0.77744,2.47
-40,27,94,2.48,-0.30488,0.20579,0.71646,2.48
-35,17,94,2.49,-0.26677,0.12957,0.71646,2.49
-30,35,101,2.5,-0.22866,0.26677,0.76982,2.5
-34,34,102,2.51,-0.25915,0.25915,0.77744,2.51
-33,41,100,2.52,-0.25152,0.3125,0.7622,2.52
-34,40,99,2.53,-0.25915,0.30488,0.75457,2.53
-27,28,103,2.54,-0.20579,0.21341,0.78506,2.54
-28,31,102,2.55,-0.21341,0.23628,0.77744,2.55
-31,31,99,2.56,-0.23628,0.23628,0.75457,2.56
-42,26,93,2.57,-0.32012,0.19817,0.70884,2.57
-32,21,105,2.58,-0.2439,0.16006,0.8003,2.58
-22,44,105,2.59,-0.16768,0.33537,0.8003,2.59
-21,45,106,2.6,-0.16006,0.34299,0.80793,2.6
-21,24,103,2.61,-0.16006,0.18293,0.78506,2.61
-30,29,108,2.62,-0.22866,0.22104,0.82317,2.62
-37,22,101,2.63,-0.28201,0.16768,0.76982,2.63
-40,27,95,2.64,-0.30488,0.20579,0.72409,2.64
-25,42,93,2.65,-0.19055,0.32012,0.70884,2.65
-19,32,99,2.66,-0.14482,0.2439,0.75457,2.66
-33,38,92,2.67,-0.25152,0.28963,0.70122,2.67
-24,39,96,2.68,-0.18293,0.29726,0.73171,2.68
-27,29,103,2.69,-0.20579,0.22104,0.78506,2.69
-33,32,111,2.7,-0.25152,0.2439,0.84604,2.7
-36,14,108,2.71,-0.27439,0.10671,0.82317,2.71
-35,29,99,2.72,-0.26677,0.22104,0.75457,2.72
-27,33,95,2.73,-0.20579,0.25152,0.72409,2.73
-30,28,94,2.74,-0.22866,0.21341,0.71646,2.74
-32,28,92,2.75,-0.2439,0.21341,0.70122,2.75
-20,38,94,2.76,-0.15244,0.28963,0.71646,2.76
-33,34,96,2.77,-0.25152,0.25915,0.73171,2.77
-37,36,85,2.78,-0.28201,0.27439,0.64787,2.78
-37,32,91,2.79,-0.28201,0.2439,0.6936,2.79
-44,31,95,2.8,-0.33537,0.23628,0.72409,2.8
-39,32,100,2.81,-0.29726,0.2439,0.7622,2.81
-32,27,99,2.82,-0.2439,0.20579,0.75457,2.82
-32,31,106,2.83,-0.2439,0.23628,0.80793,2.83
-26,41,97,2.84,-0.19817,0.3125,0.73933,2.84
-29,33,95,2.85,-0.22104,0.25152,0.72409,2.85
-32,35,106,2.86,-0.2439,0.26677,0.80793,2.86
-28,25,104,2.87,-0.21341,0.19055,0.79268,2.87
-34,30,92,2.88,-0.25915,0.22866,0.70122,2.88
-25,27,106,2.89,-0.19055,0.20579,0.80793,2.89
-28,34,102,2.9,-0.21341,0.25915,0.77744,2.9
-23,34,93,2.91,-0.1753,0.25915,0.70884,2.91
-34,33,102,2.92,-0.25915,0.25152,0.77744,2.92
-27,31,100,2.93,-0.20579,0.23628,0.7622,2.93
-17,20,90,2.94,-0.12957,0.15244,0.68598,2.94
-32,24,100,2.95,-0.2439,0.18293,0.7622,2.95
-37,35,104,2.96,-0.28201,0.26677,0.79268,2.96
-29,29,104,2.97,-0.22104,0.22104,0.79268,2.97
-24,22,109,2.98,-0.18293,0.16768,0.83079,2.98
-34,33,97,2.99,-0.25915,0.25152,0.73933,2.99
-36,30,106,3,-0.27439,0.22866,0.80793,3
-26,33,115,3.01,-0.19817,0.25152,0.87652,3.01
-26,30,106,3.02,-0.19817,0.22866,0.80793,3.02
-28,18,99,3.03,-0.21341,0.1372,0.75457,3.03
-29,29,95,3.04,-0.22104,0.22104,0.72409,3.04
-31,27,103,3.05,-0.23628,0.20579,0.78506,3.05
-38,26,101,3.06,-0.28963,0.19817,0.76982,3.06
-30,28,102,3.07,-0.22866,0.21341,0.77744,3.07
-19,26,102,3.08,-0.14482,0.19817,0.77744,3.08
-32,26,103,3.09,-0.2439,0.19817,0.78506,3.09
-35,25,104,3.1,-0.26677,0.19055,0.79268,3.1
-31,36,103,3.11,-0.23628,0.27439,0.78506,3.11
-33,33,111,3.12,-0.25152,0.25152,0.84604,3.12
-35,27,108,3.13,-0.26677,0.20579,0.82317,3.13
-34,35,118,3.14,-0.25915,0.26677,0.89939,3.14
-37,27,103,3.15,-0.28201,0.20579,0.78506,3.15
-40,21,103,3.16,-0.30488,0.16006,0.78506,3.16
-31,26,97,3.17,-0.23628,0.19817,0.73933,3.17
-25,24,99,3.18,-0.19055,0.18293,0.75457,3.18
-30,30,101,3.19,-0.22866,0.22866,0.76982,3.19
-28,35,96,3.2,-0.21341,0.26677,0.73171,3.2
-20,30,102,3.21,-0.15244,0.22866,0.77744,3.21
-32,24,105,3.22,-0.2439,0.18293,0.8003,3.22
-27,21,94,3.23,-0.20579,0.16006,0.71646,3.23
-35,31,98,3.24,-0.26677,0.23628,0.74695,3.24
-30,26,99,3.25,-0.22866,0.19817,0.75457,3.25
-26,26,102,3.26,-0.19817,0.19817,0.77744,3.26
-32,32,99,3.27,-0.2439,0.2439,0.75457,3.27
-26,34,103,3.28,-0.19817,0.25915,0.78506,3.28
-30,33,99,3.29,-0.22866,0.25152,0.75457,3.29
-35,38,105,3.3,-0.26677,0.28963,0.8003,3.3
-34,31,105,3.31,-0.25915,0.23628,0.8003,3.31
-27,30,103,3.32,-0.20579,0.22866,0.78506,3.32
-24,24,104,3.33,-0.18293,0.18293,0.79268,3.33
-27,33,101,3.34,-0.20579,0.25152,0.76982,3.34
-38,36,102,3.35,-0.28963,0.27439,0.77744,3.35
-25,27,94,3.36,-0.19055,0.20579,0.71646,3.36
-33,20,87,3.37,-0.25152,0.15244,0.66311,3.37
-34,22,94,3.38,-0.25915,0.16768,0.71646,3.38
-37,32,97,3.39,-0.28201,0.2439,0.73933,3.39
-26,31,106,3.4,-0.19817,0.23628,0.80793,3.4
-29,26,112,3.41,-0.22104,0.19817,0.85366,3.41
-23,34,104,3.42,-0.1753,0.25915,0.79268,3.42
-28,23,109,3.43,-0.21341,0.1753,0.83079,3.43
-27,25,101,3.44,-0.20579,0.19055,0.76982,3.44
-27,43,97,3.45,-0.20579,0.32774,0.73933,3.45
-34,35,96,3.46,-0.25915,0.26677,0.73171,3.46
-20,24,102,3.47,-0.15244,0.18293,0.77744,3.47
-19,30,97,3.48,-0.14482,0.22866,0.73933,3.48
-35,27,88,3.49,-0.26677,0.20579,0.67073,3.49
-34,27,107,3.5,-0.25915,0.20579,0.81555,3.5
-27,32,97,3.51,-0.20579,0.2439,0.73933,3.51
-22,40,96,3.52,-0.16768,0.30488,0.73171,3.52
-22,46,101,3.53,-0.16768,0.35061,0.76982,3.53
-23,33,94,3.54,-0.1753,0.25152,0.71646,3.54
-33,29,94,3.55,-0.25152,0.22104,0.71646,3.55
-24,34,99,3.56,-0.18293,0.25915,0.75457,3.56
-31,35,108,3.57,-0.23628,0.26677,0.82317,3.57
-43,30,104,3.58,-0.32774,0.22866,0.79268,3.58
-33,30,93,3.59,-0.25152,0.22866,0.70884,3.59
-25,30,105,3.6,-0.19055,0.22866,0.8003,3.6
-18,29,90,3.61,-0.1372,0.22104,0.68598,3.61
-25,26,104,3.62,-0.19055,0.19817,0.79268,3.62
-38,23,98,3.63,-0.28963,0.1753,0.74695,3.63
-36,26,99,3.64,-0.27439,0.19817,0.75457,3.64
-34,26,108,3.65,-0.25915,0.19817,0.82317,3.65
-35,30,99,3.66,-0.26677,0.22866,0.75457,3.66
-33,32,98,3.67,-0.25152,0.2439,0.74695,3.67
-29,30,100,3.68,-0.22104,0.22866,0.7622,3.68
-36,35,98,3.69,-0.27439,0.26677,0.74695,3.69
-29,38,103,3.7,-0.22104,0.28963,0.78506,3.7
-25,28,97,3.71,-0.19055,0.21341,0.73933,3.71
-36,17,103,3.72,-0.27439,0.12957,0.78506,3.72
-29,31,101,3.73,-0.22104,0.23628,0.76982,3.73
-31,28,101,3.74,-0.23628,0.21341,0.76982,3.74
-40,28,97,3.75,-0.30488,0.21341,0.73933,3.75
-42,25,104,3.76,-0.32012,0.19055,0.79268,3.76
-32,25,101,3.77,-0.2439,0.19055,0.76982,3.77
-33,38,100,3.78,-0.25152,0.28963,0.7622,3.78
-24,33,100,3.79,-0.18293,0.25152,0.7622,3.79
-30,23,103,3.8,-0.22866,0.1753,0.78506,3.8
-37,34,107,3.81,-0.28201,0.25915,0.81555,3.81
-28,26,103,3.82,-0.21341,0.19817,0.78506,3.82
-30,32,97,3.83,-0.22866,0.2439,0.73933,3.83
-36,34,99,3.84,-0.27439,0.25915,0.75457,3.84
-28,22,98,3.85,-0.21341,0.16768,0.74695,3.85
-31,32,96,3.86,-0.23628,0.2439,0.73171,3.86
-31,30,94,3.87,-0.23628,0.22866,0.71646,3.87
-21,29,90,3.88,-0.16006,0.22104,0.68598,3.88
-12,35,97,3.89,-0.091463,0.26677,0.73933,3.89
-24,34,94,3.9,-0.18293,0.25915,0.71646,3.9
-28,28,99,3.91,-0.21341,0.21341,0.75457,3.91
-33,22,96,3.92,-0.25152,0.16768,0.73171,3.92
-37,26,102,3.93,-0.28201,0.19817,0.77744,3.93
-26,30,110,3.94,-0.19817,0.22866,0.83841,3.94
-33,34,94,3.95,-0.25152,0.25915,0.71646,3.95
-18,24,95,3.96,-0.1372,0.18293,0.72409,3.96
-31,29,100,3.97,-0.23628,0.22104,0.7622,3.97
-23,27,98,3.98,-0.1753,0.20579,0.74695,3.98
-18,25,98,3.99,-0.1372,0.19055,0.74695,3.99
-22,30,96,4,-0.16768,0.22866,0.73171,4
-26,34,107,4.01,-0.19817,0.25915,0.81555,4.01
-28,33,102,4.02,-0.21341,0.25152,0.77744,4.02
-28,28,95,4.03,-0.21341,0.21341,0.72409,4.03
-32,41,95,4.04,-0.2439,0.3125,0.72409,4.04
-34,29,107,4.05,-0.25915,0.22104,0.81555,4.05
-23,31,111,4.06,-0.1753,0.23628,0.84604,4.06
-28,39,104,4.07,-0.21341,0.29726,0.79268,4.07
-21,36,105,4.08,-0.16006,0.27439,0.8003,4.08
-24,29,98,4.09,-0.18293,0.22104,0.74695,4.09
-16,39,95,4.1,-0.12195,0.29726,0.72409,4.1
-24,33,115,4.11,-0.18293,0.25152,0.87652,4.11
-24,30,111,4.12,-0.18293,0.22866,0.84604,4.12
-32,27,102,4.13,-0.2439,0.20579,0.77744,4.13
-30,43,105,4.14,-0.22866,0.32774,0.8003,4.14
-41,42,100,4.15,-0.3125,0.32012,0.7622,4.15
-35,32,101,4.16,-0.26677,0.2439,0.76982,4.16
-27,19,100,4.17,-0.20579,0.14482,0.7622,4.17
-18,23,100,4.18,-0.1372,0.1753,0.7622,4.18
-11,36,102,4.19,-0.083841,0.27439,0.77744,4.19
-30,28,93,4.2,-0.22866,0.21341,0.70884,4.2
-32,22,99,4.21,-0.2439,0.16768,0.75457,4.21
-38,25,98,4.22,-0.28963,0.19055,0.74695,4.22
-35,26,91,4.23,-0.26677,0.19817,0.6936,4.23
-33,28,95,4.24,-0.25152,0.21341,0.72409,4.24
-31,31,100,4.25,-0.23628,0.23628,0.7622,4.25
-27,27,97,4.26,-0.20579,0.20579,0.73933,4.26
-21,27,91,4.27,-0.16006,0.20579,0.6936,4.27
-34,37,103,4.28,-0.25915,0.28201,0.78506,4.28
-33,30,99,4.29,-0.25152,0.22866,0.75457,4.29
-22,31,94,4.3,-0.16768,0.23628,0.71646,4.3
-27,43,103,4.31,-0.20579,0.32774,0.78506,4.31
-27,27,99,4.32,-0.20579,0.20579,0.75457,4.32
-40,31,99,4.33,-0.30488,0.23628,0.75457,4.33
-31,34,105,4.34,-0.23628,0.25915,0.8003,4.34
-26,30,102,4.35,-0.19817,0.22866,0.77744,4.35
-41,37,94,4.36,-0.3125,0.28201,0.71646,4.36
-29,30,95,4.37,-0.22104,0.22866,0.72409,4.37
-33,17,95,4.38,-0.25152,0.12957,0.72409,4.38
-26,20,101,4.39,-0.19817,0.15244,0.76982,4.39
-31,28,110,4.4,-0.23628,0.21341,0.83841,4.4
-33,24,106,4.41,-0.25152,0.18293,0.80793,4.41
-28,30,93,4.42,-0.21341,0.22866,0.70884,4.42
-33,34,99,4.43,-0.25152,0.25915,0.75457,4.43
-25,26,107,4.44,-0.19055,0.19817,0.81555,4.44
-35,25,111,4.45,-0.26677,0.19055,0.84604,4.45
-34,22,102,4.46,-0.25915,0.16768,0.77744,4.46
-38,30,101,4.47,-0.28963,0.22866,0.76982,4.47
-42,35,102,4.48,-0.32012,0.26677,0.77744,4.48
-26,28,95,4.49,-0.19817,0.21341,0.72409,4.49
-16,28,96,4.5,-0.12195,0.21341,0.73171,4.5
-22,32,96,4.51,-0.16768,0.2439,0.73171,4.51
-31,28,99,4.52,-0.23628,0.21341,0.75457,4.52
-26,32,104,4.53,-0.19817,0.2439,0.79268,4.53
-27,35,106,4.54,-0.20579,0.26677,0.80793,4.54
-33,24,95,4.55,-0.25152,0.18293,0.72409,4.55
-29,27,95,4.56,-0.22104,0.20579,0.72409,4.56
-32,42,107,4.57,-0.2439,0.32012,0.81555,4.57
-35,27,99,4.58,-0.26677,0.20579,0.75457,4.58
-29,24,93,4.59,-0.22104,0.18293,0.70884,4.59
-26,24,97,4.6,-0.19817,0.18293,0.73933,4.6
-33,31,100,4.61,-0.25152,0.23628,0.7622,4.61
-30,33,93,4.62,-0.22866,0.25152,0.70884,4.62
-28,30,108,4.63,-0.21341,0.22866,0.82317,4.63
-38,25,101,4.64,-0.28963,0.19055,0.76982,4.64
-41,32,99,4.65,-0.3125,0.2439,0.75457,4.65
-27,42,107,4.66,-0.20579,0.32012,0.81555,4.66
-21,34,103,4.67,-0.16006,0.25915,0.78506,4.67
-27,26,95,4.68,-0.20579,0.19817,0.72409,4.68
-25,28,92,4.69,-0.19055,0.21341,0.70122,4.69
-34,32,110,4.7,-0.25915,0.2439,0.83841,4.7
-30,33,116,4.71,-0.22866,0.25152,0.88415,4.71
-26,27,102,4.72,-0.19817,0.20579,0.77744,4.72
-21,18,112,4.73,-0.16006,0.1372,0.85366,4.73
-25,21,106,4.74,-0.19055,0.16006,0.80793,4.74
-25,32,90,4.75,-0.19055,0.2439,0.68598,4.75
-25,37,100,4.76,-0.19055,0.28201,0.7622,4.76
-34,32,99,4.77,-0.25915,0.2439,0.75457,4.77
-25,35,96,4.78,-0.19055,0.26677,0.73171,4.78
-36,29,104,4.79,-0.27439,0.22104,0.79268,4.79
-37,25,101,4.8,-0.28201,0.19055,0.76982,4.8
-25,21,103,4.81,-0.19055,0.16006,0.78506,4.81
-39,23,102,4.82,-0.29726,0.1753,0.77744,4.82
-27,27,89,4.83,-0.20579,0.20579,0.67835,4.83
-27,26,96,4.84,-0.20579,0.19817,0.73171,4.84
-45,29,100,4.85,-0.34299,0.22104,0.7622,4.85
-29,29,93,4.86,-0.22104,0.22104,0.70884,4.86
-21,27,101,4.87,-0.16006,0.20579,0.76982,4.87
-39,36,110,4.88,-0.29726,0.27439,0.83841,4.88
-38,29,102,4.89,-0.28963,0.22104,0.77744,4.89
-30,27,106,4.9,-0.22866,0.20579,0.80793,4.9
-25,34,110,4.91,-0.19055,0.25915,0.83841,4.91
-25,36,95,4.92,-0.19055,0.27439,0.72409,4.92
-19,29,98,4.93,-0.14482,0.22104,0.74695,4.93
-26,40,98,4.94,-0.19817,0.30488,0.74695,4.94
-29,34,94,4.95,-0.22104,0.25915,0.71646,4.95
-40,18,94,4.96,-0.30488,0.1372,0.71646,4.96
-34,19,106,4.97,-0.25915,0.14482,0.80793,4.97
-32,28,109,4.98,-0.2439,0.21341,0.83079,4.98
-25,42,110,4.99,-0.19055,0.32012,0.83841,4.99
-26,22,100,5,-0.19817,0.16768,0.7622,5
-38,30,96,5.01,-0.28963,0.22866,0.73171,5.01
-31,32,95,5.02,-0.23628,0.2439,0.72409,5.02
-29,30,95,5.03,-0.22104,0.22866,0.72409,5.03
-34,36,91,5.04,-0.25915,0.27439,0.6936,5.04
-33,36,94,5.05,-0.25152,0.27439,0.71646,5.05
-41,34,98,5.06,-0.3125,0.25915,0.74695,5.06
-37,25,88,5.07,-0.28201,0.19055,0.67073,5.07
-32,28,98,5.08,-0.2439,0.21341,0.74695,5.08
-17,30,99,5.09,-0.12957,0.22866,0.75457,5.09
-22,33,99,5.1,-0.16768,0.25152,0.75457,5.1
-35,32,105,5.11,-0.26677,0.2439,0.8003,5.11
-22,28,106,5.12,-0.16768,0.21341,0.80793,5.12
-18,24,94,5.13,-0.1372,0.18293,0.71646,5.13
-22,32,101,5.14,-0.16768,0.2439,0.76982,5.14
-32,35,103,5.15,-0.2439,0.26677,0.78506,5.15
-31,36,107,5.16,-0.23628,0.27439,0.81555,5.16
-24,34,106,5.17,-0.18293,0.25915,0.80793,5.17
-28,32,98,5.18,-0.21341,0.2439,0.74695,5.18
-30,31,89,5.19,-0.22866,0.23628,0.67835,5.19
-29,31,104,5.2,-0.22104,0.23628,0.79268,5.2
-28,29,94,5.21,-0.21341,0.22104,0.71646,5.21
-26,32,97,5.22,-0.19817,0.2439,0.73933,5.22
-25,28,101,5.23,-0.19055,0.21341,0.76982,5.23
-37,32,95,5.24,-0.28201,0.2439,0.72409,5.24
-37,21,100,5.25,-0.28201,0.16006,0.7622,5.25
-27,30,103,5.26,-0.20579,0.22866,0.78506,5.26
-30,27,95,5.27,-0.22866,0.20579,0.72409,5.27
-34,26,102,5.28,-0.25915,0.19817,0.77744,5.28
-26,26,101,5.29,-0.19817,0.19817,0.76982,5.29
-23,34,104,5.3,-0.1753,0.25915,0.79268,5.3
-35,45,96,5.31,-0.26677,0.34299,0.73171,5.31
-25,41,99,5.32,-0.19055,0.3125,0.75457,5.32
-29,32,103,5.33,-0.22104,0.2439,0.78506,5.33
-34,26,107,5.34,-0.25915,0.19817,0.81555,5.34
-28,9,96,5.35,-0.21341,0.068598,0.73171,5.35
-32,26,99,5.36,-0.2439,0.19817,0.75457,5.36
-31,37,104,5.37,-0.23628,0.28201,0.79268,5.37
-23,36,94,5.38,-0.1753,0.27439,0.71646,5.38
-23,26,98,5.39,-0.1753,0.19817,0.74695,5.39
-21,20,98,5.4,-0.16006,0.15244,0.74695,5.4
-14,32,99,5.41,-0.10671,0.2439,0.75457,5.41
-36,32,104,5.42,-0.27439,0.2439,0.79268,5.42
-30,24,107,5.43,-0.22866,0.18293,0.81555,5.43
-20,32,104,5.44,-0.15244,0.2439,0.79268,5.44
-24,32,110,5.45,-0.18293,0.2439,0.83841,5.45
-27,35,102,5.46,-0.20579,0.26677,0.77744,5.46
-35,33,100,5.47,-0.26677,0.25152,0.7622,5.47
-36,29,93,5.48,-0.27439,0.22104,0.70884,5.48
-15,31,104,5.49,-0.11433,0.23628,0.79268,5.49
-26,28,96,5.5,-0.19817,0.21341,0.73171,5.5
-39,24,96,5.51,-0.29726,0.18293,0.73171,5.51
-21,18,89,5.52,-0.16006,0.1372,0.67835,5.52
-33,35,93,5.53,-0.25152,0.26677,0.70884,5.53
-39,25,105,5.54,-0.29726,0.19055,0.8003,5.54
-26,18,104,5.55,-0.19817,0.1372,0.79268,5.55
-36,27,91,5.56,-0.27439,0.20579,0.6936,5.56
-39,28,97,5.57,-0.29726,0.21341,0.73933,5.57
-27,35,102,5.58,-0.20579,0.26677,0.77744,5.58
-20,28,96,5.59,-0.15244,0.21341,0.73171,5.59
-25,32,101,5.6,-0.19055,0.2439,0.76982,5.6
-37,30,111,5.61,-0.28201,0.22866,0.84604,5.61
-46,32,99,5.62,-0.35061,0.2439,0.75457,5.62
-40,31,91,5.63,-0.30488,0.23628,0.6936,5.63
-27,32,97,5.64,-0.20579,0.2439,0.73933,5.64
-24,33,99,5.65,-0.18293,0.25152,0.75457,5.65
-21,31,103,5.66,-0.16006,0.23628,0.78506,5.66
-29,44,109,5.67,-0.22104,0.33537,0.83079,5.67
-33,30,102,5.68,-0.25152,0.22866,0.77744,5.68
-30,25,99,5.69,-0.22866,0.19055,0.75457,5.69
-19,43,110,5.7,-0.14482,0.32774,0.83841,5.7
-24,44,99,5.71,-0.18293,0.33537,0.75457,5.71
-33,26,93,5.72,-0.25152,0.19817,0.70884,5.72
-32,29,104,5.73,-0.2439,0.22104,0.79268,5.73
-38,28,97,5.74,-0.28963,0.21341,0.73933,5.74
-33,23,89,5.75,-0.25152,0.1753,0.67835,5.75
-23,35,96,5.76,-0.1753,0.26677,0.73171,5.76
-29,34,96,5.77,-0.22104,0.25915,0.73171,5.77
-43,29,99,5.78,-0.32774,0.22104,0.75457,5.78
-46,32,95,5.79,-0.35061,0.2439,0.72409,5.79
-30,24,91,5.8,-0.22866,0.18293,0.6936,5.8
-27,17,84,5.81,-0.20579,0.12957,0.64024,5.81
-24,26,102,5.82,-0.18293,0.19817,0.77744,5.82
-36,34,104,5.83,-0.27439,0.25915,0.79268,5.83
-36,35,95,5.84,-0.27439,0.26677,0.72409,5.84
-29,26,98,5.85,-0.22104,0.19817,0.74695,5.85
-31,22,104,5.86,-0.23628,0.16768,0.79268,5.86
-30,33,103,5.87,-0.22866,0.25152,0.78506,5.87
-35,26,100,5.88,-0.26677,0.19817,0.7622,5.88
-38,32,93,5.89,-0.28963,0.2439,0.70884,5.89
-28,31,100,5.9,-0.21341,0.23628,0.7622,5.9
-39,27,99,5.91,-0.29726,0.20579,0.75457,5.91
-43,34,89,5.92,-0.32774,0.25915,0.67835,5.92
-27,30,93,5.93,-0.20579,0.22866,0.70884,5.93
-21,29,98,5.94,-0.16006,0.22104,0.74695,5.94
-30,19,106,5.95,-0.22866,0.14482,0.80793,5.95
-28,27,101,5.96,-0.21341,0.20579,0.76982,5.96
-31,43,96,5.97,-0.23628,0.32774,0.73171,5.97
-25,35,96,5.98,-0.19055,0.26677,0.73171,5.98
-36,36,101,5.99,-0.27439,0.27439,0.76982,5.99
-24,28,101,6,-0.18293,0.21341,0.76982,6
-38,24,99,6.01,-0.28963,0.18293,0.75457,6.01
-26,26,99,6.02,-0.19817,0.19817,0.75457,6.02
-27,25,101,6.03,-0.20579,0.19055,0.76982,6.03
-35,30,105,6.04,-0.26677,0.22866,0.8003,6.04
-26,29,97,6.05,-0.19817,0.22104,0.73933,6.05
-35,30,92,6.06,-0.26677,0.22866,0.70122,6.06
-36,28,99,6.07,-0.27439,0.21341,0.75457,6.07
-28,24,90,6.08,-0.21341,0.18293,0.68598,6.08
-27,27,93,6.09,-0.20579,0.20579,0.70884,6.09
-23,29,96,6.1,-0.1753,0.22104,0.73171,6.1
-24,33,95,6.11,-0.18293,0.25152,0.72409,6.11
-35,37,110,6.12,-0.26677,0.28201,0.83841,6.12
-30,30,104,6.13,-0.22866,0.22866,0.79268,6.13
-24,32,102,6.14,-0.18293,0.2439,0.77744,6.14
-38,29,95,6.15,-0.28963,0.22104,0.72409,6.15
-25,36,92,6.16,-0.19055,0.27439,0.70122,6.16
-20,36,111,6.17,-0.15244,0.27439,0.84604,6.17
-20,35,103,6.18,-0.15244,0.26677,0.78506,6.18
-19,30,96,6.19,-0.14482,0.22866,0.73171,6.19
-17,29,96,6.2,-0.12957,0.22104,0.73171,6.2
-16,31,105,6.21,-0.12195,0.23628,0.8003,6.21
-32,35,101,6.22,-0.2439,0.26677,0.76982,6.22
-34,34,93,6.23,-0.25915,0.25915,0.70884,6.23
-30,41,98,6.24,-0.22866,0.3125,0.74695,6.24
-29,36,99,6.25,-0.22104,0.27439,0.75457,6.25
-26,34,102,6.26,-0.19817,0.25915,0.77744,6.26
-23,37,99,6.27,-0.1753,0.28201,0.75457,6.27
-27,20,98,6.28,-0.20579,0.15244,0.74695,6.28
-25,19,104,6.29,-0.19055,0.14482,0.79268,6.29
-21,26,105,6.3,-0.16006,0.19817,0.8003,6.3
-26,26,96,6.31,-0.19817,0.19817,0.73171,6.31
-35,27,90,6.32,-0.26677,0.20579,0.68598,6.32
-29,29,106,6.33,-0.22104,0.22104,0.80793,6.33
-25,33,106,6.34,-0.19055,0.25152,0.80793,6.34
-28,26,96,6.35,-0.21341,0.19817,0.73171,6.35
-30,29,99,6.36,-0.22866,0.22104,0.75457,6.36
-22,36,98,6.37,-0.16768,0.27439,0.74695,6.37
-25,30,101,6.38,-0.19055,0.22866,0.76982,6.38
-35,22,101,6.39,-0.26677,0.16768,0.76982,6.39
-38,29,97,6.4,-0.28963,0.22104,0.73933,6.4
-37,30,97,6.41,-0.28201,0.22866,0.73933,6.41
-27,26,100,6.42,-0.20579,0.19817,0.7622,6.42
-29,28,100,6.43,-0.22104,0.21341,0.7622,6.43
-37,16,101,6.44,-0.28201,0.12195,0.76982,6.44
-45,30,103,6.45,-0.34299,0.22866,0.78506,6.45
-38,31,107,6.46,-0.28963,0.23628,0.81555,6.46
-31,29,103,6.47,-0.23628,0.22104,0.78506,6.47
-25,17,117,6.48,-0.19055,0.12957,0.89177,6.48
-39,29,103,6.49,-0.29726,0.22104,0.78506,6.49
-31,34,101,6.5,-0.23628,0.25915,0.76982,6.5
-24,29,108,6.51,-0.18293,0.22104,0.82317,6.51
-31,29,104,6.52,-0.23628,0.22104,0.79268,6.52
-22,29,99,6.53,-0.16768,0.22104,0.75457,6.53
-30,30,101,6.54,-0.22866,0.22866,0.76982,6.54
-28,33,105,6.55,-0.21341,0.25152,0.8003,6.55
-26,31,99,6.56,-0.19817,0.23628,0.75457,6.56
-27,30,97,6.57,-0.20579,0.22866,0.73933,6.57
-33,31,95,6.58,-0.25152,0.23628,0.72409,6.58
-27,45,101,6.59,-0.20579,0.34299,0.76982,6.59
-30,36,101,6.6,-0.22866,0.27439,0.76982,6.6
-22,32,98,6.61,-0.16768,0.2439,0.74695,6.61
-38,30,96,6.62,-0.28963,0.22866,0.73171,6.62
-44,33,99,6.63,-0.33537,0.25152,0.75457,6.63
-38,23,103,6.64,-0.28963,0.1753,0.78506,6.64
-32,32,103,6.65,-0.2439,0.2439,0.78506,6.65
-32,31,102,6.66,-0.2439,0.23628,0.77744,6.66
-27,25,98,6.67,-0.20579,0.19055,0.74695,6.67
-31,32,111,6.68,-0.23628,0.2439,0.84604,6.68
-23,29,92,6.69,-0.1753,0.22104,0.70122,6.69
-34,39,95,6.7,-0.25915,0.29726,0.72409,6.7
-28,33,105,6.71,-0.21341,0.25152,0.8003,6.71
-24,35,96,6.72,-0.18293,0.26677,0.73171,6.72
-27,30,98,6.73,-0.20579,0.22866,0.74695,6.73
-34,20,96,6.74,-0.25915,0.15244,0.73171,6.74
-34,35,91,6.75,-0.25915,0.26677,0.6936,6.75
-35,29,97,6.76,-0.26677,0.22104,0.73933,6.76
-35,32,94,6.77,-0.26677,0.2439,0.71646,6.77
-23,35,92,6.78,-0.1753,0.26677,0.70122,6.78
-24,41,103,6.79,-0.18293,0.3125,0.78506,6.79
-37,32,97,6.8,-0.28201,0.2439,0.73933,6.8
-39,20,103,6.81,-0.29726,0.15244,0.78506,6.81
-37,23,88,6.82,-0.28201,0.1753,0.67073,6.82
-36,17,99,6.83,-0.27439,0.12957,0.75457,6.83
-38,33,101,6.84,-0.28963,0.25152,0.76982,6.84
-25,50,99,6.85,-0.19055,0.3811,0.75457,6.85
-19,40,105,6.86,-0.14482,0.30488,0.8003,6.86
-27,37,107,6.87,-0.20579,0.28201,0.81555,6.87
-20,30,104,6.88,-0.15244,0.22866,0.79268,6.88
-38,29,98,6.89,-0.28963,0.22104,0.74695,6.89
-40,33,101,6.9,-0.30488,0.25152,0.76982,6.9
-21,42,100,6.91,-0.16006,0.32012,0.7622,6.91
-22,38,97,6.92,-0.16768,0.28963,0.73933,6.92
-25,30,97,6.93,-0.19055,0.22866,0.73933,6.93
-36,29,103,6.94,-0.27439,0.22104,0.78506,6.94
-40,33,101,6.95,-0.30488,0.25152,0.76982,6.95
-23,29,100,6.96,-0.1753,0.22104,0.7622,6.96
-23,35,96,6.97,-0.1753,0.26677,0.73171,6.97
-32,37,96,6.98,-0.2439,0.28201,0.73171,6.98
-29,28,98,6.99,-0.22104,0.21341,0.74695,6.99
-11,28,98,7,-0.083841,0.21341,0.74695,7
-28,29,90,7.01,-0.21341,0.22104,0.68598,7.01
-45,34,100,7.02,-0.34299,0.25915,0.7622,7.02
-35,25,105,7.03,-0.26677,0.19055,0.8003,7.03
-28,34,99,7.04,-0.21341,0.25915,0.75457,7.04
-25,35,107,7.05,-0.19055,0.26677,0.81555,7.05
-41,34,97,7.06,-0.3125,0.25915,0.73933,7.06
-36,29,99,7.07,-0.27439,0.22104,0.75457,7.07
-26,30,100,7.08,-0.19817,0.22866,0.7622,7.08
-22,34,105,7.09,-0.16768,0.25915,0.8003,7.09
-35,22,100,7.1,-0.26677,0.16768,0.7622,7.1
-16,26,96,7.11,-0.12195,0.19817,0.73171,7.11
-10,27,96,7.12,-0.07622,0.20579,0.73171,7.12
-21,28,100,7.13,-0.16006,0.21341,0.7622,7.13
-19,37,103,7.14,-0.14482,0.28201,0.78506,7.14
-22,39,102,7.15,-0.16768,0.29726,0.77744,7.15
-31,29,112,7.16,-0.23628,0.22104,0.85366,7.16
-48,21,106,7.17,-0.36585,0.16006,0.80793,7.17
-35,33,106,7.18,-0.26677,0.25152,0.80793,7.18
-15,32,105,7.19,-0.11433,0.2439,0.8003,7.19
-28,38,106,7.2,-0.21341,0.28963,0.80793,7.2
-31,25,105,7.21,-0.23628,0.19055,0.8003,7.21
-29,30,100,7.22,-0.22104,0.22866,0.7622,7.22
-27,35,92,7.23,-0.20579,0.26677,0.70122,7.23
-33,35,94,7.24,-0.25152,0.26677,0.71646,7.24
-24,32,107,7.25,-0.18293,0.2439,0.81555,7.25
-15,36,104,7.26,-0.11433,0.27439,0.79268,7.26
-27,37,96,7.27,-0.20579,0.28201,0.73171,7.27
-29,36,106,7.28,-0.22104,0.27439,0.80793,7.28
-40,28,99,7.29,-0.30488,0.21341,0.75457,7.29
-25,34,103,7.3,-0.19055,0.25915,0.78506,7.3
-25,35,99,7.31,-0.19055,0.26677,0.75457,7.31
-23,33,99,7.32,-0.1753,0.25152,0.75457,7.32
-42,31,104,7.33,-0.32012,0.23628,0.79268,7.33
-34,31,109,7.34,-0.25915,0.23628,0.83079,7.34
-34,26,96,7.35,-0.25915,0.19817,0.73171,7.35
-27,27,94,7.36,-0.20579,0.20579,0.71646,7.36
-26,35,102,7.37,-0.19817,0.26677,0.77744,7.37
-32,39,107,7.38,-0.2439,0.29726,0.81555,7.38
-26,28,97,7.39,-0.19817,0.21341,0.73933,7.39
-15,28,99,7.4,-0.11433,0.21341,0.75457,7.4
-28,23,96,7.41,-0.21341,0.1753,0.73171,7.41
-33,32,94,7.42,-0.25152,0.2439,0.71646,7.42
-30,31,98,7.43,-0.22866,0.23628,0.74695,7.43
-22,35,108,7.44,-0.16768,0.26677,0.82317,7.44
-22,26,103,7.45,-0.16768,0.19817,0.78506,7.45
-22,29,95,7.46,-0.16768,0.22104,0.72409,7.46
-22,38,97,7.47,-0.16768,0.28963,0.73933,7.47
-34,38,103,7.48,-0.25915,0.28963,0.78506,7.48
-49,32,103,7.49,-0.37348,0.2439,0.78506,7.49
-39,28,105,7.5,-0.29726,0.21341,0.8003,7.5
-41,24,102,7.51,-0.3125,0.18293,0.77744,7.51
-27,25,92,7.52,-0.20579,0.19055,0.70122,7.52
-29,27,106,7.53,-0.22104,0.20579,0.80793,7.53
-28,32,106,7.54,-0.21341,0.2439,0.80793,7.54
-23,30,93,7.55,-0.1753,0.22866,0.70884,7.55
-35,29,98,7.56,-0.26677,0.22104,0.74695,7.56
-28,37,97,7.57,-0.21341,0.28201,0.73933,7.57
-27,35,107,7.58,-0.20579,0.26677,0.81555,7.58
-22,37,103,7.59,-0.16768,0.28201,0.78506,7.59
-28,20,98,7.6,-0.21341,0.15244,0.74695,7.6
-32,24,105,7.61,-0.2439,0.18293,0.8003,7.61
-28,31,108,7.62,-0.21341,0.23628,0.82317,7.62
-34,32,108,7.63,-0.25915,0.2439,0.82317,7.63
-25,37,98,7.64,-0.19055,0.28201,0.74695,7.64
-29,38,104,7.65,-0.22104,0.28963,0.79268,7.65
-32,27,98,7.66,-0.2439,0.20579,0.74695,7.66
-31,30,96,7.67,-0.23628,0.22866,0.73171,7.67
-35,35,104,7.68,-0.26677,0.26677,0.79268,7.68
-32,31,100,7.69,-0.2439,0.23628,0.7622,7.69
-23,25,108,7.7,-0.1753,0.19055,0.82317,7.7
-21,32,103,7.71,-0.16006,0.2439,0.78506,7.71
-27,34,95,7.72,-0.20579,0.25915,0.72409,7.72
-29,30,101,7.73,-0.22104,0.22866,0.76982,7.73
-26,24,105,7.74,-0.19817,0.18293,0.8003,7.74
-22,28,107,7.75,-0.16768,0.21341,0.81555,7.75
-9,29,90,7.76,-0.068598,0.22104,0.68598,7.76
-35,29,90,7.77,-0.26677,0.22104,0.68598,7.77
-25,35,97,7.78,-0.19055,0.26677,0.73933,7.78
-27,34,106,7.79,-0.20579,0.25915,0.80793,7.79
-29,28,101,7.8,-0.22104,0.21341,0.76982,7.8
-25,21,97,7.81,-0.19055,0.16006,0.73933,7.81
-24,39,94,7.82,-0.18293,0.29726,0.71646,7.82
-23,45,104,7.83,-0.1753,0.34299,0.79268,7.83
-33,36,105,7.84,-0.25152,0.27439,0.8003,7.84
-40,27,95,7.85,-0.30488,0.20579,0.72409,7.85
-26,28,94,7.86,-0.19817,0.21341,0.71646,7.86
-34,42,109,7.87,-0.25915,0.32012,0.83079,7.87
-18,37,108,7.88,-0.1372,0.28201,0.82317,7.88
-16,34,94,7.89,-0.12195,0.25915,0.71646,7.89
-33,25,103,7.9,-0.25152,0.19055,0.78506,7.9
-35,37,110,7.91,-0.26677,0.28201,0.83841,7.91
-14,29,104,7.92,-0.10671,0.22104,0.79268,7.92
-29,34,104,7.93,-0.22104,0.25915,0.79268,7.93
-30,30,110,7.94,-0.22866,0.22866,0.83841,7.94
-27,36,98,7.95,-0.20579,0.27439,0.74695,7.95
-36,30,104,7.96,-0.27439,0.22866,0.79268,7.96
-33,32,96,7.97,-0.25152,0.2439,0.73171,7.97
-37,28,101,7.98,-0.28201,0.21341,0.76982,7.98
-36,37,95,7.99,-0.27439,0.28201,0.72409,7.99
-24,32,104,8,-0.18293,0.2439,0.79268,8
-31,35,103,8.01,-0.23628,0.26677,0.78506,8.01
-26,37,109,8.02,-0.19817,0.28201,0.83079,8.02
-24,30,95,8.03,-0.18293,0.22866,0.72409,8.03
-24,30,103,8.04,-0.18293,0.22866,0.78506,8.04
-26,33,97,8.05,-0.19817,0.25152,0.73933,8.05
-34,34,96,8.06,-0.25915,0.25915,0.73171,8.06
-32,30,103,8.07,-0.2439,0.22866,0.78506,8.07
-25,27,108,8.08,-0.19055,0.20579,0.82317,8.08
-24,30,99,8.09,-0.18293,0.22866,0.75457,8.09
-37,33,89,8.1,-0.28201,0.25152,0.67835,8.1
-38,34,97,8.11,-0.28963,0.25915,0.73933,8.11
-40,25,98,8.12,-0.30488,0.19055,0.74695,8.12
-36,28,99,8.13,-0.27439,0.21341,0.75457,8.13
-26,41,100,8.14,-0.19817,0.3125,0.7622,8.14
-34,36,92,8.15,-0.25915,0.27439,0.70122,8.15
-43,24,93,8.16,-0.32774,0.18293,0.70884,8.16
-33,27,106,8.17,-0.25152,0.20579,0.80793,8.17
-23,25,105,8.18,-0.1753,0.19055,0.8003,8.18
-29,38,98,8.19,-0.22104,0.28963,0.74695,8.19
-35,38,91,8.2,-0.26677,0.28963,0.6936,8.2
-36,37,99,8.21,-0.27439,0.28201,0.75457,8.21
-35,31,101,8.22,-0.26677,0.23628,0.76982,8.22
-24,31,115,8.23,-0.18293,0.23628,0.87652,8.23
-31,28,103,8.24,-0.23628,0.21341,0.78506,8.24
-29,24,94,8.25,-0.22104,0.18293,0.71646,8.25
-31,29,112,8.26,-0.23628,0.22104,0.85366,8.26
-37,31,104,8.27,-0.28201,0.23628,0.79268,8.27
-15,27,95,8.28,-0.11433,0.20579,0.72409,8.28
-22,37,101,8.29,-0.16768,0.28201,0.76982,8.29
-35,33,98,8.3,-0.26677,0.25152,0.74695,8.3
-38,35,100,8.31,-0.28963,0.26677,0.7622,8.31
-29,30,104,8.32,-0.22104,0.22866,0.79268,8.32
-27,36,103,8.33,-0.20579,0.27439,0.78506,8.33
-39,31,97,8.34,-0.29726,0.23628,0.73933,8.34
-35,29,92,8.35,-0.26677,0.22104,0.70122,8.35
-28,40,93,8.36,-0.21341,0.30488,0.70884,8.36
-34,22,98,8.37,-0.25915,0.16768,0.74695,8.37
-31,29,89,8.38,-0.23628,0.22104,0.67835,8.38
-37,35,93,8.39,-0.28201,0.26677,0.70884,8.39
-38,30,91,8.4,-0.28963,0.22866,0.6936,8.4
-22,30,87,8.41,-0.16768,0.22866,0.66311,8.41
-35,33,97,8.42,-0.26677,0.25152,0.73933,8.42
-43,38,92,8.43,-0.32774,0.28963,0.70122,8.43
-43,42,102,8.44,-0.32774,0.32012,0.77744,8.44
-29,43,103,8.45,-0.22104,0.32774,0.78506,8.45
-34,34,101,8.46,-0.25915,0.25915,0.76982,8.46
-41,35,96,8.47,-0.3125,0.26677,0.73171,8.47
-34,32,99,8.48,-0.25915,0.2439,0.75457,8.48
-35,31,98,8.49,-0.26677,0.23628,0.74695,8.49
-27,34,97,8.5,-0.20579,0.25915,0.73933,8.5
-23,34,100,8.51,-0.1753,0.25915,0.7622,8.51
-27,35,103,8.52,-0.20579,0.26677,0.78506,8.52
-32,30,103,8.53,-0.2439,0.22866,0.78506,8.53
-28,32,107,8.54,-0.21341,0.2439,0.81555,8.54
-29,31,105,8.55,-0.22104,0.23628,0.8003,8.55
-23,32,110,8.56,-0.1753,0.2439,0.83841,8.56
-34,28,90,8.57,-0.25915,0.21341,0.68598,8.57
-31,30,100,8.58,-0.23628,0.22866,0.7622,8.58
-28,30,104,8.59,-0.21341,0.22866,0.79268,8.59
-49,30,108,8.6,-0.37348,0.22866,0.82317,8.6
-34,32,96,8.61,-0.25915,0.2439,0.73171,8.61
-27,36,94,8.62,-0.20579,0.27439,0.71646,8.62
-22,33,106,8.63,-0.16768,0.25152,0.80793,8.63
-32,35,104,8.64,-0.2439,0.26677,0.79268,8.64
-36,33,101,8.65,-0.27439,0.25152,0.76982,8.65
-35,27,101,8.66,-0.26677,0.20579,0.76982,8.66
-34,28,103,8.67,-0.25915,0.21341,0.78506,8.67
-44,24,97,8.68,-0.33537,0.18293,0.73933,8.68
-40,33,109,8.69,-0.30488,0.25152,0.83079,8.69
-33,28,104,8.7,-0.25152,0.21341,0.79268,8.7
-35,31,104,8.71,-0.26677,0.23628,0.79268,8.71
-26,32,101,8.72,-0.19817,0.2439,0.76982,8.72
-31,38,98,8.73,-0.23628,0.28963,0.74695,8.73
-32,38,97,8.74,-0.2439,0.28963,0.73933,8.74
-27,28,97,8.75,-0.20579,0.21341,0.73933,8.75
-29,34,105,8.76,-0.22104,0.25915,0.8003,8.76
-30,32,105,8.77,-0.22866,0.2439,0.8003,8.77
-33,25,101,8.78,-0.25152,0.19055,0.76982,8.78
-31,33,108,8.79,-0.23628,0.25152,0.82317,8.79
-23,31,106,8.8,-0.1753,0.23628,0.80793,8.8
-39,29,102,8.81,-0.29726,0.22104,0.77744,8.81
-35,30,102,8.82,-0.26677,0.22866,0.77744,8.82
-36,29,110,8.83,-0.27439,0.22104,0.83841,8.83
-38,29,100,8.84,-0.28963,0.22104,0.7622,8.84
-38,32,103,8.85,-0.28963,0.2439,0.78506,8.85
-42,27,103,8.86,-0.32012,0.20579,0.78506,8.86
-31,21,98,8.87,-0.23628,0.16006,0.74695,8.87
-35,28,100,8.88,-0.26677,0.21341,0.7622,8.88
-20,28,102,8.89,-0.15244,0.21341,0.77744,8.89
-22,32,103,8.9,-0.16768,0.2439,0.78506,8.9
-35,40,97,8.91,-0.26677,0.30488,0.73933,8.91
-39,29,99,8.92,-0.29726,0.22104,0.75457,8.92
-27,34,100,8.93,-0.20579,0.25915,0.7622,8.93
-27,37,96,8.94,-0.20579,0.28201,0.73171,8.94
-26,35,93,8.95,-0.19817,0.26677,0.70884,8.95
-23,28,103,8.96,-0.1753,0.21341,0.78506,8.96
-29,22,94,8.97,-0.22104,0.16768,0.71646,8.97
-33,32,97,8.98,-0.25152,0.2439,0.73933,8.98
-26,36,100,8.99,-0.19817,0.27439,0.7622,8.99
-37,30,100,9,-0.28201,0.22866,0.7622,9
-25,34,104,9.01,-0.19055,0.25915,0.79268,9.01
-30,31,108,9.02,-0.22866,0.23628,0.82317,9.02
-36,38,97,9.03,-0.27439,0.28963,0.73933,9.03
-32,30,101,9.04,-0.2439,0.22866,0.76982,9.04
-27,40,105,9.05,-0.20579,0.30488,0.8003,9.05
-31,43,105,9.06,-0.23628,0.32774,0.8003,9.06
-37,31,101,9.07,-0.28201,0.23628,0.76982,9.07
-40,34,98,9.08,-0.30488,0.25915,0.74695,9.08
-29,27,84,9.09,-0.22104,0.20579,0.64024,9.09
-27,35,101,9.1,-0.20579,0.26677,0.76982,9.1
-34,33,106,9.11,-0.25915,0.25152,0.80793,9.11
-26,32,94,9.12,-0.19817,0.2439,0.71646,9.12
-30,34,90,9.13,-0.22866,0.25915,0.68598,9.13
-23,32,102,9.14,-0.1753,0.2439,0.77744,9.14
-30,37,99,9.15,-0.22866,0.28201,0.75457,9.15
-20,32,109,9.16,-0.15244,0.2439,0.83079,9.16
-36,34,97,9.17,-0.27439,0.25915,0.73933,9.17
-27,28,101,9.18,-0.20579,0.21341,0.76982,9.18
-22,36,104,9.19,-0.16768,0.27439,0.79268,9.19
-37,26,103,9.2,-0.28201,0.19817,0.78506,9.2
-28,26,102,9.21,-0.21341,0.19817,0.77744,9.21
-37,27,96,9.22,-0.28201,0.20579,0.73171,9.22
-16,26,97,9.23,-0.12195,0.19817,0.73933,9.23
-20,30,108,9.24,-0.15244,0.22866,0.82317,9.24
-22,32,105,9.25,-0.16768,0.2439,0.8003,9.25
-20,36,109,9.26,-0.15244,0.27439,0.83079,9.26
-20,31,99,9.27,-0.15244,0.23628,0.75457,9.27
-35,36,105,9.28,-0.26677,0.27439,0.8003,9.28
-33,31,98,9.29,-0.25152,0.23628,0.74695,9.29
-23,26,102,9.3,-0.1753,0.19817,0.77744,9.3
-19,29,100,9.31,-0.14482,0.22104,0.7622,9.31
-22,35,104,9.32,-0.16768,0.26677,0.79268,9.32
-27,34,106,9.33,-0.20579,0.25915,0.80793,9.33
-29,31,94,9.34,-0.22104,0.23628,0.71646,9.34
-34,30,91,9.35,-0.25915,0.22866,0.6936,9.35
-28,27,106,9.36,-0.21341,0.20579,0.80793,9.36
-12,37,106,9.37,-0.091463,0.28201,0.80793,9.37
-38,34,101,9.38,-0.28963,0.25915,0.76982,9.38
-30,25,96,9.39,-0.22866,0.19055,0.73171,9.39
-34,31,92,9.4,-0.25915,0.23628,0.70122,9.4
-23,35,100,9.41,-0.1753,0.26677,0.7622,9.41
-15,29,94,9.42,-0.11433,0.22104,0.71646,9.42
-20,23,107,9.43,-0.15244,0.1753,0.81555,9.43
-23,32,105,9.44,-0.1753,0.2439,0.8003,9.44
-23,31,91,9.45,-0.1753,0.23628,0.6936,9.45
-28,33,105,9.46,-0.21341,0.25152,0.8003,9.46
-20,41,107,9.47,-0.15244,0.3125,0.81555,9.47
-15,39,97,9.48,-0.11433,0.29726,0.73933,9.48
-30,27,85,9.49,-0.22866,0.20579,0.64787,9.49
-27,30,105,9.5,-0.20579,0.22866,0.8003,9.5
-16,28,99,9.51,-0.12195,0.21341,0.75457,9.51
-19,24,99,9.52,-0.14482,0.18293,0.75457,9.52
-34,17,108,9.53,-0.25915,0.12957,0.82317,9.53
-31,21,105,9.54,-0.23628,0.16006,0.8003,9.54
-36,32,110,9.55,-0.27439,0.2439,0.83841,9.55
-33,29,103,9.56,-0.25152,0.22104,0.78506,9.56
-21,28,109,9.57,-0.16006,0.21341,0.83079,9.57
-25,32,105,9.58,-0.19055,0.2439,0.8003,9.58
-25,39,106,9.59,-0.19055,0.29726,0.80793,9.59
-29,36,105,9.6,-0.22104,0.27439,0.8003,9.6
-28,31,104,9.61,-0.21341,0.23628,0.79268,9.61
-36,32,101,9.62,-0.27439,0.2439,0.76982,9.62
-34,26,105,9.63,-0.25915,0.19817,0.8003,9.63
-26,29,106,9.64,-0.19817,0.22104,0.80793,9.64
-37,27,102,9.65,-0.28201,0.20579,0.77744,9.65
-33,32,100,9.66,-0.25152,0.2439,0.7622,9.66
-31,29,101,9.67,-0.23628,0.22104,0.76982,9.67
-27,27,102,9.68,-0.20579,0.20579,0.77744,9.68
-27,33,105,9.69,-0.20579,0.25152,0.8003,9.69
-37,32,101,9.7,-0.28201,0.2439,0.76982,9.7
-24,25,95,9.71,-0.18293,0.19055,0.72409,9.71
-24,23,96,9.72,-0.18293,0.1753,0.73171,9.72
-36,23,91,9.73,-0.27439,0.1753,0.6936,9.73
-46,30,94,9.74,-0.35061,0.22866,0.71646,9.74
-31,28,111,9.75,-0.23628,0.21341,0.84604,9.75
-29,25,109,9.76,-0.22104,0.19055,0.83079,9.76
-27,30,89,9.77,-0.20579,0.22866,0.67835,9.77
-31,36,89,9.78,-0.23628,0.27439,0.67835,9.78
-16,42,103,9.79,-0.12195,0.32012,0.78506,9.79
-27,42,101,9.8,-0.20579,0.32012,0.76982,9.8
-36,32,99,9.81,-0.27439,0.2439,0.75457,9.81
-38,31,105,9.82,-0.28963,0.23628,0.8003,9.82
-38,26,94,9.83,-0.28963,0.19817,0.71646,9.83
-23,30,98,9.84,-0.1753,0.22866,0.74695,9.84
-22,36,100,9.85,-0.16768,0.27439,0.7622,9.85
-31,23,99,9.86,-0.23628,0.1753,0.75457,9.86
-38,27,100,9.87,-0.28963,0.20579,0.7622,9.87
-31,29,99,9.88,-0.23628,0.22104,0.75457,9.88
-37,27,94,9.89,-0.28201,0.20579,0.71646,9.89
-37,37,102,9.9,-0.28201,0.28201,0.77744,9.9
-29,38,119,9.91,-0.22104,0.28963,0.90701,9.91
-32,30,105,9.92,-0.2439,0.22866,0.8003,9.92
-28,31,92,9.93,-0.21341,0.23628,0.70122,9.93
-34,32,103,9.94,-0.25915,0.2439,0.78506,9.94
-41,24,109,9.95,-0.3125,0.18293,0.83079,9.95
-27,32,115,9.96,-0.20579,0.2439,0.87652,9.96
-19,32,108,9.97,-0.14482,0.2439,0.82317,9.97
-22,31,94,9.98,-0.16768,0.23628,0.71646,9.98
-28,22,92,9.99,-0.21341,0.16768,0.70122,9.99
-31,30,100,10,-0.23628,0.22866,0.7622,10
-23,30,108,10.01,-0.1753,0.22866,0.82317,10.01
-27,36,106,10.02,-0.20579,0.27439,0.80793,10.02
-34,37,104,10.03,-0.25915,0.28201,0.79268,10.03
-41,37,106,10.04,-0.3125,0.28201,0.80793,10.04
-41,30,93,10.05,-0.3125,0.22866,0.70884,10.05
-38,32,96,10.06,-0.28963,0.2439,0.73171,10.06
-38,33,94,10.07,-0.28963,0.25152,0.71646,10.07
-38,28,98,10.08,-0.28963,0.21341,0.74695,10.08
-25,30,103,10.09,-0.19055,0.22866,0.78506,10.09
-19,23,114,10.1,-0.14482,0.1753,0.8689,10.1
-30,32,102,10.11,-0.22866,0.2439,0.77744,10.11
-30,37,99,10.12,-0.22866,0.28201,0.75457,10.12
-30,33,90,10.13,-0.22866,0.25152,0.68598,10.13
-27,37,98,10.14,-0.20579,0.28201,0.74695,10.14
-26,33,107,10.15,-0.19817,0.25152,0.81555,10.15
-40,36,107,10.16,-0.30488,0.27439,0.81555,10.16
-23,37,94,10.17,-0.1753,0.28201,0.71646,10.17
-23,46,94,10.18,-0.1753,0.35061,0.71646,10.18
-30,39,107,10.19,-0.22866,0.29726,0.81555,10.19
-21,36,97,10.2,-0.16006,0.27439,0.73933,10.2
-37,34,101,10.21,-0.28201,0.25915,0.76982,10.21
-30,30,104,10.22,-0.22866,0.22866,0.79268,10.22
-20,25,98,10.23,-0.15244,0.19055,0.74695,10.23
-24,29,105,10.24,-0.18293,0.22104,0.8003,10.24
-24,29,108,10.25,-0.18293,0.22104,0.82317,10.25
-34,27,105,10.26,-0.25915,0.20579,0.8003,10.26
-28,30,100,10.27,-0.21341,0.22866,0.7622,10.27
-21,32,102,10.28,-0.16006,0.2439,0.77744,10.28
-25,26,101,10.29,-0.19055,0.19817,0.76982,10.29
-31,29,114,10.3,-0.23628,0.22104,0.8689,10.3
-25,33,101,10.31,-0.19055,0.25152,0.76982,10.31
-28,32,95,10.32,-0.21341,0.2439,0.72409,10.32
-40,37,96,10.33,-0.30488,0.28201,0.73171,10.33
-26,36,103,10.34,-0.19817,0.27439,0.78506,10.34
-27,29,108,10.35,-0.20579,0.22104,0.82317,10.35
-23,33,104,10.36,-0.1753,0.25152,0.79268,10.36
-26,33,91,10.37,-0.19817,0.25152,0.6936,10.37
-26,35,95,10.38,-0.19817,0.26677,0.72409,10.38
-33,30,106,10.39,-0.25152,0.22866,0.80793,10.39
-46,23,108,10.4,-0.35061,0.1753,0.82317,10.4
-51,23,97,10.41,-0.38872,0.1753,0.73933,10.41
-52,22,93,10.42,-0.39634,0.16768,0.70884,10.42
-73,16,96,10.43,-0.5564,0.12195,0.73171,10.43
-92,9,106,10.44,-0.70122,0.068598,0.80793,10.44
-100,6,99,10.45,-0.7622,0.045732,0.75457,10.45
-72,17,100,10.46,-0.54878,0.12957,0.7622,10.46
-49,26,115,10.47,-0.37348,0.19817,0.87652,10.47
-23,33,104,10.48,-0.1753,0.25152,0.79268,10.48
-25,25,109,10.49,-0.19055,0.19055,0.83079,10.49
-32,23,98,10.5,-0.2439,0.1753,0.74695,10.5
-35,29,98,10.51,-0.26677,0.22104,0.74695,10.51
-22,26,94,10.52,-0.16768,0.19817,0.71646,10.52
-21,25,99,10.53,-0.16006,0.19055,0.75457,10.53
-30,32,100,10.54,-0.22866,0.2439,0.7622,10.54
-31,36,93,10.55,-0.23628,0.27439,0.70884,10.55
-39,27,103,10.56,-0.29726,0.20579,0.78506,10.56
-28,37,115,10.57,-0.21341,0.28201,0.87652,10.57
-36,29,102,10.58,-0.27439,0.22104,0.77744,10.58
-29,32,95,10.59,-0.22104,0.2439,0.72409,10.59
-26,28,94,10.6,-0.19817,0.21341,0.71646,10.6
-23,26,95,10.61,-0.1753,0.19817,0.72409,10.61
-24,32,100,10.62,-0.18293,0.2439,0.7622,10.62
-33,31,107,10.63,-0.25152,0.23628,0.81555,10.63
-36,24,94,10.64,-0.27439,0.18293,0.71646,10.64
-40,35,103,10.65,-0.30488,0.26677,0.78506,10.65
-37,35,105,10.66,-0.28201,0.26677,0.8003,10.66
-34,21,109,10.67,-0.25915,0.16006,0.83079,10.67
-30,25,104,10.68,-0.22866,0.19055,0.79268,10.68
-40,31,98,10.69,-0.30488,0.23628,0.74695,10.69
-39,35,106,10.7,-0.29726,0.26677,0.80793,10.7
-35,33,106,10.71,-0.26677,0.25152,0.80793,10.71
-25,33,105,10.72,-0.19055,0.25152,0.8003,10.72
-23,28,104,10.73,-0.1753,0.21341,0.79268,10.73
-31,38,100,10.74,-0.23628,0.28963,0.7622,10.74
-45,40,94,10.75,-0.34299,0.30488,0.71646,10.75
-42,41,87,10.76,-0.32012,0.3125,0.66311,10.76
-30,30,99,10.77,-0.22866,0.22866,0.75457,10.77
-21,35,106,10.78,-0.16006,0.26677,0.80793,10.78
-26,37,105,10.79,-0.19817,0.28201,0.8003,10.79
-26,33,104,10.8,-0.19817,0.25152,0.79268,10.8
-21,34,102,10.81,-0.16006,0.25915,0.77744,10.81
-17,29,96,10.82,-0.12957,0.22104,0.73171,10.82
-39,28,105,10.83,-0.29726,0.21341,0.8003,10.83
-23,36,104,10.84,-0.1753,0.27439,0.79268,10.84
-30,31,103,10.85,-0.22866,0.23628,0.78506,10.85
-25,29,105,10.86,-0.19055,0.22104,0.8003,10.86
-31,39,101,10.87,-0.23628,0.29726,0.76982,10.87
-32,35,103,10.88,-0.2439,0.26677,0.78506,10.88
-28,23,95,10.89,-0.21341,0.1753,0.72409,10.89
-23,30,91,10.9,-0.1753,0.22866,0.6936,10.9
-34,18,106,10.91,-0.25915,0.1372,0.80793,10.91
-21,23,96,10.92,-0.16006,0.1753,0.73171,10.92
-33,28,86,10.93,-0.25152,0.21341,0.65549,10.93
-43,30,100,10.94,-0.32774,0.22866,0.7622,10.94
-19,36,102,10.95,-0.14482,0.27439,0.77744,10.95
-28,32,94,10.96,-0.21341,0.2439,0.71646,10.96
-34,26,97,10.97,-0.25915,0.19817,0.73933,10.97
-25,25,107,10.98,-0.19055,0.19055,0.81555,10.98
-29,30,102,10.99,-0.22104,0.22866,0.77744,10.99
-28,21,103,11,-0.21341,0.16006,0.78506,11
-22,24,102,11.01,-0.16768,0.18293,0.77744,11.01
-40,20,88,11.02,-0.30488,0.15244,0.67073,11.02
-44,18,93,11.03,-0.33537,0.1372,0.70884,11.03
-23,25,103,11.04,-0.1753,0.19055,0.78506,11.04
-25,29,99,11.05,-0.19055,0.22104,0.75457,11.05
-41,34,97,11.06,-0.3125,0.25915,0.73933,11.06
-33,31,91,11.07,-0.25152,0.23628,0.6936,11.07
-42,15,97,11.08,-0.32012,0.11433,0.73933,11.08
-34,31,101,11.09,-0.25915,0.23628,0.76982,11.09
-22,30,100,11.1,-0.16768,0.22866,0.7622,11.1
-26,30,102,11.11,-0.19817,0.22866,0.77744,11.11
-28,34,103,11.12,-0.21341,0.25915,0.78506,11.12
-32,36,98,11.13,-0.2439,0.27439,0.74695,11.13
-23,37,90,11.14,-0.1753,0.28201,0.68598,11.14
-19,29,97,11.15,-0.14482,0.22104,0.73933,11.15
-26,34,100,11.16,-0.19817,0.25915,0.7622,11.16
-30,29,103,11.17,-0.22866,0.22104,0.78506,11.17
-27,30,100,11.18,-0.20579,0.22866,0.7622,11.18
-29,32,92,11.19,-0.22104,0.2439,0.70122,11.19
-16,34,96,11.2,-0.12195,0.25915,0.73171,11.2
-31,30,105,11.21,-0.23628,0.22866,0.8003,11.21
-40,31,103,11.22,-0.30488,0.23628,0.78506,11.22
-43,23,108,11.23,-0.32774,0.1753,0.82317,11.23
-19,33,92,11.24,-0.14482,0.25152,0.70122,11.24
-18,34,91,11.25,-0.1372,0.25915,0.6936,11.25
-24,28,88,11.26,-0.18293,0.21341,0.67073,11.26
-31,21,84,11.27,-0.23628,0.16006,0.64024,11.27
-32,29,93,11.28,-0.2439,0.22104,0.70884,11.28
-33,30,99,11.29,-0.25152,0.22866,0.75457,11.29
-20,33,101,11.3,-0.15244,0.25152,0.76982,11.3
-30,42,93,11.31,-0.22866,0.32012,0.70884,11.31
-41,27,99,11.32,-0.3125,0.20579,0.75457,11.32
-43,28,96,11.33,-0.32774,0.21341,0.73171,11.33
-30,28,99,11.34,-0.22866,0.21341,0.75457,11.34
-26,33,90,11.35,-0.19817,0.25152,0.68598,11.35
-45,22,98,11.36,-0.34299,0.16768,0.74695,11.36
-38,25,92,11.37,-0.28963,0.19055,0.70122,11.37
-25,42,95,11.38,-0.19055,0.32012,0.72409,11.38
-9,35,105,11.39,-0.068598,0.26677,0.8003,11.39
-25,31,109,11.4,-0.19055,0.23628,0.83079,11.4
-42,34,97,11.41,-0.32012,0.25915,0.73933,11.41
-36,35,95,11.42,-0.27439,0.26677,0.72409,11.42
-16,30,97,11.43,-0.12195,0.22866,0.73933,11.43
-17,33,101,11.44,-0.12957,0.25152,0.76982,11.44
-31,35,103,11.45,-0.23628,0.26677,0.78506,11.45
-37,18,115,11.46,-0.28201,0.1372,0.87652,11.46
-17,31,102,11.47,-0.12957,0.23628,0.77744,11.47
-18,41,96,11.48,-0.1372,0.3125,0.73171,11.48
-28,48,99,11.49,-0.21341,0.36585,0.75457,11.49
-33,32,109,11.5,-0.25152,0.2439,0.83079,11.5
-35,27,101,11.51,-0.26677,0.20579,0.76982,11.51
-26,33,98,11.52,-0.19817,0.25152,0.74695,11.52
-27,18,93,11.53,-0.20579,0.1372,0.70884,11.53
-23,27,95,11.54,-0.1753,0.20579,0.72409,11.54
-26,26,105,11.55,-0.19817,0.19817,0.8003,11.55
-36,26,96,11.56,-0.27439,0.19817,0.73171,11.56
-20,27,95,11.57,-0.15244,0.20579,0.72409,11.57
-25,23,101,11.58,-0.19055,0.1753,0.76982,11.58
-35,22,103,11.59,-0.26677,0.16768,0.78506,11.59
-37,33,103,11.6,-0.28201,0.25152,0.78506,11.6
-26,30,97,11.61,-0.19817,0.22866,0.73933,11.61
-27,26,91,11.62,-0.20579,0.19817,0.6936,11.62
-25,25,95,11.63,-0.19055,0.19055,0.72409,11.63
-33,28,103,11.64,-0.25152,0.21341,0.78506,11.64
-28,31,94,11.65,-0.21341,0.23628,0.71646,11.65
-25,37,105,11.66,-0.19055,0.28201,0.8003,11.66
-27,32,98,11.67,-0.20579,0.2439,0.74695,11.67
-23,34,90,11.68,-0.1753,0.25915,0.68598,11.68
-29,32,98,11.69,-0.22104,0.2439,0.74695,11.69
-20,31,104,11.7,-0.15244,0.23628,0.79268,11.7
-26,39,114,11.71,-0.19817,0.29726,0.8689,11.71
-40,35,104,11.72,-0.30488,0.26677,0.79268,11.72
-38,21,107,11.73,-0.28963,0.16006,0.81555,11.73
-33,38,111,11.74,-0.25152,0.28963,0.84604,11.74
-30,37,92,11.75,-0.22866,0.28201,0.70122,11.75
-35,24,102,11.76,-0.26677,0.18293,0.77744,11.76
-23,22,112,11.77,-0.1753,0.16768,0.85366,11.77
-41,33,108,11.78,-0.3125,0.25152,0.82317,11.78
-34,37,96,11.79,-0.25915,0.28201,0.73171,11.79
-32,30,100,11.8,-0.2439,0.22866,0.7622,11.8
-42,35,106,11.81,-0.32012,0.26677,0.80793,11.81
-33,29,105,11.82,-0.25152,0.22104,0.8003,11.82
-25,34,98,11.83,-0.19055,0.25915,0.74695,11.83
-20,39,101,11.84,-0.15244,0.29726,0.76982,11.84
-21,35,109,11.85,-0.16006,0.26677,0.83079,11.85
-36,35,106,11.86,-0.27439,0.26677,0.80793,11.86
-30,32,91,11.87,-0.22866,0.2439,0.6936,11.87
-32,46,101,11.88,-0.2439,0.35061,0.76982,11.88
-29,39,91,11.89,-0.22104,0.29726,0.6936,11.89
-32,32,95,11.9,-0.2439,0.2439,0.72409,11.9
-36,30,97,11.91,-0.27439,0.22866,0.73933,11.91
-34,29,103,11.92,-0.25915,0.22104,0.78506,11.92
-28,24,102,11.93,-0.21341,0.18293,0.77744,11.93
-30,30,97,11.94,-0.22866,0.22866,0.73933,11.94
-30,26,97,11.95,-0.22866,0.19817,0.73933,11.95
-24,25,98,11.96,-0.18293,0.19055,0.74695,11.96
-29,23,92,11.97,-0.22104,0.1753,0.70122,11.97
-38,32,112,11.98,-0.28963,0.2439,0.85366,11.98
-35,39,99,11.99,-0.26677,0.29726,0.75457,11.99
-32,28,96,12,-0.2439,0.21341,0.73171,12
-34,29,109,12.01,-0.25915,0.22104,0.83079,12.01
-30,18,102,12.02,-0.22866,0.1372,0.77744,12.02
-24,41,107,12.03,-0.18293,0.3125,0.81555,12.03
-15,52,108,12.04,-0.11433,0.39634,0.82317,12.04
-34,24,93,12.05,-0.25915,0.18293,0.70884,12.05
-25,25,91,12.06,-0.19055,0.19055,0.6936,12.06
-37,32,103,12.07,-0.28201,0.2439,0.78506,12.07
-37,25,110,12.08,-0.28201,0.19055,0.83841,12.08
-31,23,109,12.09,-0.23628,0.1753,0.83079,12.09
-23,32,103,12.1,-0.1753,0.2439,0.78506,12.1
-23,34,95,12.11,-0.1753,0.25915,0.72409,12.11
-23,29,99,12.12,-0.1753,0.22104,0.75457,12.12
-40,30,107,12.13,-0.30488,0.22866,0.81555,12.13
-30,30,104,12.14,-0.22866,0.22866,0.79268,12.14
-25,34,101,12.15,-0.19055,0.25915,0.76982,12.15
-31,26,110,12.16,-0.23628,0.19817,0.83841,12.16
-41,28,104,12.17,-0.3125,0.21341,0.79268,12.17
-33,34,88,12.18,-0.25152,0.25915,0.67073,12.18
-26,33,102,12.19,-0.19817,0.25152,0.77744,12.19
-35,30,102,12.2,-0.26677,0.22866,0.77744,12.2
-29,27,105,12.21,-0.22104,0.20579,0.8003,12.21
-21,37,104,12.22,-0.16006,0.28201,0.79268,12.22
-15,30,99,12.23,-0.11433,0.22866,0.75457,12.23
-11,28,100,12.24,-0.083841,0.21341,0.7622,12.24
-20,33,99,12.25,-0.15244,0.25152,0.75457,12.25
-30,33,101,12.26,-0.22866,0.25152,0.76982,12.26
-39,22,101,12.27,-0.29726,0.16768,0.76982,12.27
-37,24,103,12.28,-0.28201,0.18293,0.78506,12.28
-37,27,103,12.29,-0.28201,0.20579,0.78506,12.29
-21,38,96,12.3,-0.16006,0.28963,0.73171,12.3
-21,34,109,12.31,-0.16006,0.25915,0.83079,12.31
-37,21,100,12.32,-0.28201,0.16006,0.7622,12.32
-33,22,98,12.33,-0.25152,0.16768,0.74695,12.33
-27,24,102,12.34,-0.20579,0.18293,0.77744,12.34
-33,32,105,12.35,-0.25152,0.2439,0.8003,12.35
-14,38,104,12.36,-0.10671,0.28963,0.79268,12.36
-21,25,89,12.37,-0.16006,0.19055,0.67835,12.37
-35,30,96,12.38,-0.26677,0.22866,0.73171,12.38
-36,28,100,12.39,-0.27439,0.21341,0.7622,12.39
-32,35,102,12.4,-0.2439,0.26677,0.77744,12.4
-34,38,99,12.41,-0.25915,0.28963,0.75457,12.41
-26,31,96,12.42,-0.19817,0.23628,0.73171,12.42
-29,26,100,12.43,-0.22104,0.19817,0.7622,12.43
-40,23,92,12.44,-0.30488,0.1753,0.70122,12.44
-37,37,90,12.45,-0.28201,0.28201,0.68598,12.45
-31,37,99,12.46,-0.23628,0.28201,0.75457,12.46
-38,40,100,12.47,-0.28963,0.30488,0.7622,12.47
-32,41,103,12.48,-0.2439,0.3125,0.78506,12.48
-25,43,97,12.49,-0.19055,0.32774,0.73933,12.49
-32,41,93,12.5,-0.2439,0.3125,0.70884,12.5
-28,33,95,12.51,-0.21341,0.25152,0.72409,12.51
-22,33,111,12.52,-0.16768,0.25152,0.84604,12.52
-34,37,101,12.53,-0.25915,0.28201,0.76982,12.53
-22,30,91,12.54,-0.16768,0.22866,0.6936,12.54
-38,25,92,12.55,-0.28963,0.19055,0.70122,12.55
-29,30,91,12.56,-0.22104,0.22866,0.6936,12.56
-33,35,98,12.57,-0.25152,0.26677,0.74695,12.57
-33,40,101,12.58,-0.25152,0.30488,0.76982,12.58
-31,28,94,12.59,-0.23628,0.21341,0.71646,12.59
-38,24,90,12.6,-0.28963,0.18293,0.68598,12.6
-34,30,105,12.61,-0.25915,0.22866,0.8003,12.61
-25,33,94,12.62,-0.19055,0.25152,0.71646,12.62
-26,32,102,12.63,-0.19817,0.2439,0.77744,12.63
-29,22,102,12.64,-0.22104,0.16768,0.77744,12.64
-33,25,101,12.65,-0.25152,0.19055,0.76982,12.65
-35,19,101,12.66,-0.26677,0.14482,0.76982,12.66
-21,36,90,12.67,-0.16006,0.27439,0.68598,12.67
-39,36,102,12.68,-0.29726,0.27439,0.77744,12.68
-29,32,102,12.69,-0.22104,0.2439,0.77744,12.69
-13,35,105,12.7,-0.099085,0.26677,0.8003,12.7
-23,34,97,12.71,-0.1753,0.25915,0.73933,12.71
-22,35,102,12.72,-0.16768,0.26677,0.77744,12.72
-36,37,100,12.73,-0.27439,0.28201,0.7622,12.73
-33,36,97,12.74,-0.25152,0.27439,0.73933,12.74
-26,35,92,12.75,-0.19817,0.26677,0.70122,12.75
-36,39,100,12.76,-0.27439,0.29726,0.7622,12.76
-27,25,103,12.77,-0.20579,0.19055,0.78506,12.77
-23,35,96,12.78,-0.1753,0.26677,0.73171,12.78
-34,31,100,12.79,-0.25915,0.23628,0.7622,12.79
-33,32,106,12.8,-0.25152,0.2439,0.80793,12.8
-12,47,105,12.81,-0.091463,0.35823,0.8003,12.81
-25,35,105,12.82,-0.19055,0.26677,0.8003,12.82
-38,32,101,12.83,-0.28963,0.2439,0.76982,12.83
-27,35,102,12.84,-0.20579,0.26677,0.77744,12.84
-24,44,92,12.85,-0.18293,0.33537,0.70122,12.85
-30,30,112,12.86,-0.22866,0.22866,0.85366,12.86
-26,22,101,12.87,-0.19817,0.16768,0.76982,12.87
-17,24,106,12.88,-0.12957,0.18293,0.80793,12.88
-22,37,108,12.89,-0.16768,0.28201,0.82317,12.89
-27,33,99,12.9,-0.20579,0.25152,0.75457,12.9
-31,20,104,12.91,-0.23628,0.15244,0.79268,12.91
-35,28,110,12.92,-0.26677,0.21341,0.83841,12.92
-31,33,102,12.93,-0.23628,0.25152,0.77744,12.93
-21,31,99,12.94,-0.16006,0.23628,0.75457,12.94
-35,31,103,12.95,-0.26677,0.23628,0.78506,12.95
-32,39,102,12.96,-0.2439,0.29726,0.77744,12.96
-33,37,96,12.97,-0.25152,0.28201,0.73171,12.97
-24,38,108,12.98,-0.18293,0.28963,0.82317,12.98
-26,31,102,12.99,-0.19817,0.23628,0.77744,12.99
-40,27,102,13,-0.30488,0.20579,0.77744,13
-38,25,103,13.01,-0.28963,0.19055,0.78506,13.01
-28,34,102,13.02,-0.21341,0.25915,0.77744,13.02
-28,27,107,13.03,-0.21341,0.20579,0.81555,13.03
-31,31,96,13.04,-0.23628,0.23628,0.73171,13.04
-31,30,94,13.05,-0.23628,0.22866,0.71646,13.05
-32,34,100,13.06,-0.2439,0.25915,0.7622,13.06
-41,28,99,13.07,-0.3125,0.21341,0.75457,13.07
-30,23,98,13.08,-0.22866,0.1753,0.74695,13.08
-29,37,103,13.09,-0.22104,0.28201,0.78506,13.09
-36,38,98,13.1,-0.27439,0.28963,0.74695,13.1
-24,33,106,13.11,-0.18293,0.25152,0.80793,13.11
-30,27,100,13.12,-0.22866,0.20579,0.7622,13.12
-39,21,91,13.13,-0.29726,0.16006,0.6936,13.13
-24,27,89,13.14,-0.18293,0.20579,0.67835,13.14
-25,40,93,13.15,-0.19055,0.30488,0.70884,13.15
-34,28,97,13.16,-0.25915,0.21341,0.73933,13.16
-29,29,100,13.17,-0.22104,0.22104,0.7622,13.17
-34,25,99,13.18,-0.25915,0.19055,0.75457,13.18
-25,32,98,13.19,-0.19055,0.2439,0.74695,13.19
-30,37,102,13.2,-0.22866,0.28201,0.77744,13.2
-20,33,101,13.21,-0.15244,0.25152,0.76982,13.21
-21,33,100,13.22,-0.16006,0.25152,0.7622,13.22
-32,39,108,13.23,-0.2439,0.29726,0.82317,13.23
-28,23,102,13.24,-0.21341,0.1753,0.77744,13.24
-39,27,98,13.25,-0.29726,0.20579,0.74695,13.25
-28,39,96,13.26,-0.21341,0.29726,0.73171,13.26
-30,30,100,13.27,-0.22866,0.22866,0.7622,13.27
-32,34,100,13.28,-0.2439,0.25915,0.7622,13.28
-23,20,99,13.29,-0.1753,0.15244,0.75457,13.29
-36,31,96,13.3,-0.27439,0.23628,0.73171,13.3
-22,41,103,13.31,-0.16768,0.3125,0.78506,13.31
-5,57,108,13.32,-0.03811,0.43445,0.82317,13.32
40,72,95,13.33,0.30488,0.54878,0.72409,13.33
67,57,105,13.34,0.51067,0.43445,0.8003,13.34
-26,31,94,13.35,-0.19817,0.23628,0.71646,13.35
-105,-8,87,13.36,-0.8003,-0.060976,0.66311,13.36
-107,-13,97,13.37,-0.81555,-0.099085,0.73933,13.37
-23,26,104,13.38,-0.1753,0.19817,0.79268,13.38
24,57,116,13.39,0.18293,0.43445,0.88415,13.39
-21,58,118,13.4,-0.16006,0.44207,0.89939,13.4
-57,31,102,13.41,-0.43445,0.23628,0.77744,13.41
-45,14,91,13.42,-0.34299,0.10671,0.6936,13.42
11,39,88,13.43,0.083841,0.29726,0.67073,13.43
46,55,96,13.44,0.35061,0.41921,0.73171,13.44
18,46,89,13.45,0.1372,0.35061,0.67835,13.45
-18,32,86,13.46,-0.1372,0.2439,0.65549,13.46
-33,28,91,13.47,-0.25152,0.21341,0.6936,13.47
-27,18,100,13.48,-0.20579,0.1372,0.7622,13.48
-23,31,102,13.49,-0.1753,0.23628,0.77744,13.49
-37,22,101,13.5,-0.28201,0.16768,0.76982,13.5
-47,19,106,13.51,-0.35823,0.14482,0.80793,13.51
-44,22,96,13.52,-0.33537,0.16768,0.73171,13.52
-16,36,112,13.53,-0.12195,0.27439,0.85366,13.53
-16,32,103,13.54,-0.12195,0.2439,0.78506,13.54
-9,32,102,13.55,-0.068598,0.2439,0.77744,13.55
-12,35,97,13.56,-0.091463,0.26677,0.73933,13.56
-11,31,94,13.57,-0.083841,0.23628,0.71646,13.57
-31,30,89,13.58,-0.23628,0.22866,0.67835,13.58
-32,37,104,13.59,-0.2439,0.28201,0.79268,13.59
-34,34,103,13.6,-0.25915,0.25915,0.78506,13.6
-38,32,105,13.61,-0.28963,0.2439,0.8003,13.61
-35,34,104,13.62,-0.26677,0.25915,0.79268,13.62
-33,37,101,13.63,-0.25152,0.28201,0.76982,13.63
-29,29,103,13.64,-0.22104,0.22104,0.78506,13.64
-7,34,95,13.65,-0.053354,0.25915,0.72409,13.65
-12,34,91,13.66,-0.091463,0.25915,0.6936,13.66
-26,33,96,13.67,-0.19817,0.25152,0.73171,13.67
-28,28,107,13.68,-0.21341,0.21341,0.81555,13.68
-29,29,109,13.69,-0.22104,0.22104,0.83079,13.69
-36,37,102,13.7,-0.27439,0.28201,0.77744,13.7
-28,37,108,13.71,-0.21341,0.28201,0.82317,13.71
-24,30,97,13.72,-0.18293,0.22866,0.73933,13.72
-32,32,107,13.73,-0.2439,0.2439,0.81555,13.73
-39,28,98,13.74,-0.29726,0.21341,0.74695,13.74
-36,25,96,13.75,-0.27439,0.19055,0.73171,13.75
-35,29,96,13.76,-0.26677,0.22104,0.73171,13.76
-32,17,98,13.77,-0.2439,0.12957,0.74695,13.77
-38,23,95,13.78,-0.28963,0.1753,0.72409,13.78
-29,34,99,13.79,-0.22104,0.25915,0.75457,13.79
-27,28,100,13.8,-0.20579,0.21341,0.7622,13.8
-19,27,92,13.81,-0.14482,0.20579,0.70122,13.81
-25,34,97,13.82,-0.19055,0.25915,0.73933,13.82
-22,38,102,13.83,-0.16768,0.28963,0.77744,13.83
-39,37,94,13.84,-0.29726,0.28201,0.71646,13.84
-37,37,93,13.85,-0.28201,0.28201,0.70884,13.85
-39,33,104,13.86,-0.29726,0.25152,0.79268,13.86
-26,21,95,13.87,-0.19817,0.16006,0.72409,13.87
-25,27,99,13.88,-0.19055,0.20579,0.75457,13.88
-34,19,100,13.89,-0.25915,0.14482,0.7622,13.89
-30,22,93,13.9,-0.22866,0.16768,0.70884,13.9
-35,24,93,13.91,-0.26677,0.18293,0.70884,13.91
-24,27,97,13.92,-0.18293,0.20579,0.73933,13.92
-30,30,99,13.93,-0.22866,0.22866,0.75457,13.93
-31,27,109,13.94,-0.23628,0.20579,0.83079,13.94
-36,23,108,13.95,-0.27439,0.1753,0.82317,13.95
-37,32,95,13.96,-0.28201,0.2439,0.72409,13.96
-24,33,103,13.97,-0.18293,0.25152,0.78506,13.97
-30,36,104,13.98,-0.22866,0.27439,0.79268,13.98
-37,36,100,13.99,-0.28201,0.27439,0.7622,13.99
-21,39,100,14,-0.16006,0.29726,0.7622,14
-30,33,92,14.01,-0.22866,0.25152,0.70122,14.01
-32,30,90,14.02,-0.2439,0.22866,0.68598,14.02
-31,35,102,14.03,-0.23628,0.26677,0.77744,14.03
-25,37,98,14.04,-0.19055,0.28201,0.74695,14.04
-35,40,101,14.05,-0.26677,0.30488,0.76982,14.05
-37,29,100,14.06,-0.28201,0.22104,0.7622,14.06
-20,28,100,14.07,-0.15244,0.21341,0.7622,14.07
-24,27,93,14.08,-0.18293,0.20579,0.70884,14.08
-33,37,101,14.09,-0.25152,0.28201,0.76982,14.09
-42,40,96,14.1,-0.32012,0.30488,0.73171,14.1
-35,34,102,14.11,-0.26677,0.25915,0.77744,14.11
-14,22,101,14.12,-0.10671,0.16768,0.76982,14.12
-24,37,95,14.13,-0.18293,0.28201,0.72409,14.13
-41,38,104,14.14,-0.3125,0.28963,0.79268,14.14
-26,20,109,14.15,-0.19817,0.15244,0.83079,14.15
-31,21,97,14.16,-0.23628,0.16006,0.73933,14.16
-35,47,104,14.17,-0.26677,0.35823,0.79268,14.17
-34,33,95,14.18,-0.25915,0.25152,0.72409,14.18
-32,26,96,14.19,-0.2439,0.19817,0.73171,14.19
-23,35,109,14.2,-0.1753,0.26677,0.83079,14.2
-35,33,113,14.21,-0.26677,0.25152,0.86128,14.21
-23,33,109,14.22,-0.1753,0.25152,0.83079,14.22
-18,41,93,14.23,-0.1372,0.3125,0.70884,14.23
-22,33,94,14.24,-0.16768,0.25152,0.71646,14.24
-37,29,94,14.25,-0.28201,0.22104,0.71646,14.25
-44,29,99,14.26,-0.33537,0.22104,0.75457,14.26
-38,40,101,14.27,-0.28963,0.30488,0.76982,14.27
-23,32,107,14.28,-0.1753,0.2439,0.81555,14.28
-29,33,95,14.29,-0.22104,0.25152,0.72409,14.29
-30,33,96,14.3,-0.22866,0.25152,0.73171,14.3
-35,20,98,14.31,-0.26677,0.15244,0.74695,14.31
-30,32,88,14.32,-0.22866,0.2439,0.67073,14.32
-24,35,98,14.33,-0.18293,0.26677,0.74695,14.33
-23,31,99,14.34,-0.1753,0.23628,0.75457,14.34
-37,24,101,14.35,-0.28201,0.18293,0.76982,14.35
-25,23,99,14.36,-0.19055,0.1753,0.75457,14.36
-38,27,98,14.37,-0.28963,0.20579,0.74695,14.37
-37,34,101,14.38,-0.28201,0.25915,0.76982,14.38
-34,31,97,14.39,-0.25915,0.23628,0.73933,14.39
-28,35,107,14.4,-0.21341,0.26677,0.81555,14.4
-35,38,111,14.41,-0.26677,0.28963,0.84604,14.41
-31,29,105,14.42,-0.23628,0.22104,0.8003,14.42
-27,30,108,14.43,-0.20579,0.22866,0.82317,14.43
-34,33,95,14.44,-0.25915,0.25152,0.72409,14.44
-24,39,95,14.45,-0.18293,0.29726,0.72409,14.45
-28,45,107,14.46,-0.21341,0.34299,0.81555,14.46
-24,29,100,14.47,-0.18293,0.22104,0.7622,14.47
-19,29,94,14.48,-0.14482,0.22104,0.71646,14.48
-27,39,88,14.49,-0.20579,0.29726,0.67073,14.49
-30,35,99,14.5,-0.22866,0.26677,0.75457,14.5
-32,22,98,14.51,-0.2439,0.16768,0.74695,14.51
-29,28,94,14.52,-0.22104,0.21341,0.71646,14.52
-23,20,92,14.53,-0.1753,0.15244,0.70122,14.53
-33,32,94,14.54,-0.25152,0.2439,0.71646,14.54
-31,31,99,14.55,-0.23628,0.23628,0.75457,14.55
-28,30,107,14.56,-0.21341,0.22866,0.81555,14.56
-36,32,96,14.57,-0.27439,0.2439,0.73171,14.57
-28,33,99,14.58,-0.21341,0.25152,0.75457,14.58
-29,27,103,14.59,-0.22104,0.20579,0.78506,14.59
-25,23,100,14.6,-0.19055,0.1753,0.7622,14.6
-32,21,99,14.61,-0.2439,0.16006,0.75457,14.61
-38,18,102,14.62,-0.28963,0.1372,0.77744,14.62
-33,25,100,14.63,-0.25152,0.19055,0.7622,14.63
-28,28,99,14.64,-0.21341,0.21341,0.75457,14.64
-26,25,110,14.65,-0.19817,0.19055,0.83841,14.65
-25,30,107,14.66,-0.19055,0.22866,0.81555,14.66
-24,39,102,14.67,-0.18293,0.29726,0.77744,14.67
-17,31,100,14.68,-0.12957,0.23628,0.7622,14.68
-13,34,95,14.69,-0.099085,0.25915,0.72409,14.69
-35,33,92,14.7,-0.26677,0.25152,0.70122,14.7
-34,28,99,14.71,-0.25915,0.21341,0.75457,14.71
-30,29,95,14.72,-0.22866,0.22104,0.72409,14.72
-33,29,105,14.73,-0.25152,0.22104,0.8003,14.73
-38,23,103,14.74,-0.28963,0.1753,0.78506,14.74
-33,31,97,14.75,-0.25152,0.23628,0.73933,14.75
-29,39,92,14.76,-0.22104,0.29726,0.70122,14.76
-34,28,99,14.77,-0.25915,0.21341,0.75457,14.77
-22,31,99,14.78,-0.16768,0.23628,0.75457,14.78
-24,28,90,14.79,-0.18293,0.21341,0.68598,14.79
-28,34,104,14.8,-0.21341,0.25915,0.79268,14.8
-16,23,108,14.81,-0.12195,0.1753,0.82317,14.81
-33,24,103,14.82,-0.25152,0.18293,0.78506,14.82
-37,34,105,14.83,-0.28201,0.25915,0.8003,14.83
-23,42,95,14.84,-0.1753,0.32012,0.72409,14.84
-21,30,98,14.85,-0.16006,0.22866,0.74695,14.85
-34,34,102,14.86,-0.25915,0.25915,0.77744,14.86
-35,25,97,14.87,-0.26677,0.19055,0.73933,14.87
-37,32,101,14.88,-0.28201,0.2439,0.76982,14.88
-34,27,109,14.89,-0.25915,0.20579,0.83079,14.89
-33,22,108,14.9,-0.25152,0.16768,0.82317,14.9
-37,28,91,14.91,-0.28201,0.21341,0.6936,14.91
-31,36,96,14.92,-0.23628,0.27439,0.73171,14.92
-34,30,91,14.93,-0.25915,0.22866,0.6936,14.93
-31,24,100,14.94,-0.23628,0.18293,0.7622,14.94
-18,27,99,14.95,-0.1372,0.20579,0.75457,14.95
-33,32,93,14.96,-0.25152,0.2439,0.70884,14.96
-38,21,104,14.97,-0.28963,0.16006,0.79268,14.97
-27,34,102,14.98,-0.20579,0.25915,0.77744,14.98
-19,29,94,14.99,-0.14482,0.22104,0.71646,14.99
-17,30,101,15,-0.12957,0.22866,0.76982,15
-32,30,88,15.01,-0.2439,0.22866,0.67073,15.01
-45,29,97,15.02,-0.34299,0.22104,0.73933,15.02
-33,31,92,15.03,-0.25152,0.23628,0.70122,15.03
-18,33,94,15.04,-0.1372,0.25152,0.71646,15.04
-37,34,100,15.05,-0.28201,0.25915,0.7622,15.05
-26,33,104,15.06,-0.19817,0.25152,0.79268,15.06
-38,23,97,15.07,-0.28963,0.1753,0.73933,15.07
-41,23,105,15.08,-0.3125,0.1753,0.8003,15.08
-33,29,99,15.09,-0.25152,0.22104,0.75457,15.09
-31,32,94,15.1,-0.23628,0.2439,0.71646,15.1
-38,30,106,15.11,-0.28963,0.22866,0.80793,15.11
-50,32,100,15.12,-0.3811,0.2439,0.7622,15.12
-37,32,103,15.13,-0.28201,0.2439,0.78506,15.13
-35,34,102,15.14,-0.26677,0.25915,0.77744,15.14
-39,36,101,15.15,-0.29726,0.27439,0.76982,15.15
-33,28,103,15.16,-0.25152,0.21341,0.78506,15.16
-35,20,109,15.17,-0.26677,0.15244,0.83079,15.17
-32,18,103,15.18,-0.2439,0.1372,0.78506,15.18
-18,30,96,15.19,-0.1372,0.22866,0.73171,15.19
-21,29,106,15.2,-0.16006,0.22104,0.80793,15.2
-34,16,102,15.21,-0.25915,0.12195,0.77744,15.21
-25,32,90,15.22,-0.19055,0.2439,0.68598,15.22
-34,37,91,15.23,-0.25915,0.28201,0.6936,15.23
-52,22,105,15.24,-0.39634,0.16768,0.8003,15.24
-29,31,106,15.25,-0.22104,0.23628,0.80793,15.25
-19,31,112,15.26,-0.14482,0.23628,0.85366,15.26
-32,30,91,15.27,-0.2439,0.22866,0.6936,15.27
-33,25,99,15.28,-0.25152,0.19055,0.75457,15.28
-37,18,96,15.29,-0.28201,0.1372,0.73171,15.29
-30,26,94,15.3,-0.22866,0.19817,0.71646,15.3
-33,28,87,15.31,-0.25152,0.21341,0.66311,15.31
-36,37,98,15.32,-0.27439,0.28201,0.74695,15.32
-28,36,103,15.33,-0.21341,0.27439,0.78506,15.33
-40,31,99,15.34,-0.30488,0.23628,0.75457,15.34
-32,35,108,15.35,-0.2439,0.26677,0.82317,15.35
-32,44,107,15.36,-0.2439,0.33537,0.81555,15.36
-22,25,97,15.37,-0.16768,0.19055,0.73933,15.37
-25,21,95,15.38,-0.19055,0.16006,0.72409,15.38
-28,34,99,15.39,-0.21341,0.25915,0.75457,15.39
-28,31,97,15.4,-0.21341,0.23628,0.73933,15.4
-27,29,100,15.41,-0.20579,0.22104,0.7622,15.41
-28,34,103,15.42,-0.21341,0.25915,0.78506,15.42
-23,34,104,15.43,-0.1753,0.25915,0.79268,15.43
-15,17,102,15.44,-0.11433,0.12957,0.77744,15.44
-21,24,102,15.45,-0.16006,0.18293,0.77744,15.45
-21,31,102,15.46,-0.16006,0.23628,0.77744,15.46
-30,35,103,15.47,-0.22866,0.26677,0.78506,15.47
-23,26,101,15.48,-0.1753,0.19817,0.76982,15.48
-28,29,94,15.49,-0.21341,0.22104,0.71646,15.49
-10,31,104,15.5,-0.07622,0.23628,0.79268,15.5
-33,36,101,15.51,-0.25152,0.27439,0.76982,15.51
-40,41,92,15.52,-0.30488,0.3125,0.70122,15.52
-21,35,104,15.53,-0.16006,0.26677,0.79268,15.53
-23,31,94,15.54,-0.1753,0.23628,0.71646,15.54
-34,27,95,15.55,-0.25915,0.20579,0.72409,15.55
-33,25,101,15.56,-0.25152,0.19055,0.76982,15.56
-32,27,91,15.57,-0.2439,0.20579,0.6936,15.57
-23,23,98,15.58,-0.1753,0.1753,0.74695,15.58
-19,23,99,15.59,-0.14482,0.1753,0.75457,15.59
-28,32,102,15.6,-0.21341,0.2439,0.77744,15.6
-28,34,88,15.61,-0.21341,0.25915,0.67073,15.61
-46,21,91,15.62,-0.35061,0.16006,0.6936,15.62
-39,27,106,15.63,-0.29726,0.20579,0.80793,15.63
-29,28,98,15.64,-0.22104,0.21341,0.74695,15.64
-23,33,104,15.65,-0.1753,0.25152,0.79268,15.65
-32,42,90,15.66,-0.2439,0.32012,0.68598,15.66
-40,20,93,15.67,-0.30488,0.15244,0.70884,15.67
-25,21,93,15.68,-0.19055,0.16006,0.70884,15.68
-25,43,94,15.69,-0.19055,0.32774,0.71646,15.69
-33,36,99,15.7,-0.25152,0.27439,0.75457,15.7
-30,25,101,15.71,-0.22866,0.19055,0.76982,15.71
-27,34,103,15.72,-0.20579,0.25915,0.78506,15.72
-22,27,97,15.73,-0.16768,0.20579,0.73933,15.73
-41,33,95,15.74,-0.3125,0.25152,0.72409,15.74
-41,29,97,15.75,-0.3125,0.22104,0.73933,15.75
-25,22,100,15.76,-0.19055,0.16768,0.7622,15.76
-30,27,103,15.77,-0.22866,0.20579,0.78506,15.77
-33,27,106,15.78,-0.25152,0.20579,0.80793,15.78
-22,15,95,15.79,-0.16768,0.11433,0.72409,15.79
-29,41,93,15.8,-0.22104,0.3125,0.70884,15.8
-42,32,101,15.81,-0.32012,0.2439,0.76982,15.81
-36,19,97,15.82,-0.27439,0.14482,0.73933,15.82
-39,29,99,15.83,-0.29726,0.22104,0.75457,15.83
-25,32,108,15.84,-0.19055,0.2439,0.82317,15.84
-38,22,95,15.85,-0.28963,0.16768,0.72409,15.85
-34,33,104,15.86,-0.25915,0.25152,0.79268,15.86
-30,28,106,15.87,-0.22866,0.21341,0.80793,15.87
-30,33,106,15.88,-0.22866,0.25152,0.80793,15.88
-25,36,105,15.89,-0.19055,0.27439,0.8003,15.89
-22,36,104,15.9,-0.16768,0.27439,0.79268,15.9
-32,30,98,15.91,-0.2439,0.22866,0.74695,15.91
-33,36,105,15.92,-0.25152,0.27439,0.8003,15.92
-24,22,99,15.93,-0.18293,0.16768,0.75457,15.93
-29,18,103,15.94,-0.22104,0.1372,0.78506,15.94
-30,34,99,15.95,-0.22866,0.25915,0.75457,15.95
-26,36,95,15.96,-0.19817,0.27439,0.72409,15.96
-33,29,82,15.97,-0.25152,0.22104,0.625,15.97
-22,25,93,15.98,-0.16768,0.19055,0.70884,15.98
-29,28,110,15.99,-0.22104,0.21341,0.83841,15.99
-35,36,103,16,-0.26677,0.27439,0.78506,16
-40,29,96,16.01,-0.30488,0.22104,0.73171,16.01
-30,9,98,16.02,-0.22866,0.068598,0.74695,16.02
-14,31,101,16.03,-0.10671,0.23628,0.76982,16.03
-24,41,109,16.04,-0.18293,0.3125,0.83079,16.04
-32,30,100,16.05,-0.2439,0.22866,0.7622,16.05
-29,27,92,16.06,-0.22104,0.20579,0.70122,16.06
-22,32,91,16.07,-0.16768,0.2439,0.6936,16.07
-32,25,96,16.08,-0.2439,0.19055,0.73171,16.08
-25,33,99,16.09,-0.19055,0.25152,0.75457,16.09
-17,42,102,16.1,-0.12957,0.32012,0.77744,16.1
-22,33,95,16.11,-0.16768,0.25152,0.72409,16.11
-21,27,95,16.12,-0.16006,0.20579,0.72409,16.12
-19,32,97,16.13,-0.14482,0.2439,0.73933,16.13
-37,29,104,16.14,-0.28201,0.22104,0.79268,16.14
-34,27,92,16.15,-0.25915,0.20579,0.70122,16.15
-23,28,106,16.16,-0.1753,0.21341,0.80793,16.16
-17,31,98,16.17,-0.12957,0.23628,0.74695,16.17
-33,32,86,16.18,-0.25152,0.2439,0.65549,16.18
-27,29,88,16.19,-0.20579,0.22104,0.67073,16.19
-30,29,103,16.2,-0.22866,0.22104,0.78506,16.2
-33,32,105,16.21,-0.25152,0.2439,0.8003,16.21
-31,29,96,16.22,-0.23628,0.22104,0.73171,16.22
-22,28,95,16.23,-0.16768,0.21341,0.72409,16.23
-20,25,91,16.24,-0.15244,0.19055,0.6936,16.24
-24,28,97,16.25,-0.18293,0.21341,0.73933,16.25
-35,24,99,16.26,-0.26677,0.18293,0.75457,16.26
-20,28,97,16.27,-0.15244,0.21341,0.73933,16.27
-21,32,91,16.28,-0.16006,0.2439,0.6936,16.28
-30,37,94,16.29,-0.22866,0.28201,0.71646,16.29
-19,27,102,16.3,-0.14482,0.20579,0.77744,16.3
-31,28,101,16.31,-0.23628,0.21341,0.76982,16.31
-36,27,107,16.32,-0.27439,0.20579,0.81555,16.32
-18,38,97,16.33,-0.1372,0.28963,0.73933,16.33
-19,34,99,16.34,-0.14482,0.25915,0.75457,16.34
-31,28,110,16.35,-0.23628,0.21341,0.83841,16.35
-33,34,97,16.36,-0.25152,0.25915,0.73933,16.36
-37,34,92,16.37,-0.28201,0.25915,0.70122,16.37
-27,34,91,16.38,-0.20579,0.25915,0.6936,16.38
-34,35,92,16.39,-0.25915,0.26677,0.70122,16.39
-39,35,94,16.4,-0.29726,0.26677,0.71646,16.4
-28,32,97,16.41,-0.21341,0.2439,0.73933,16.41
-28,39,98,16.42,-0.21341,0.29726,0.74695,16.42
-45,36,88,16.43,-0.34299,0.27439,0.67073,16.43
-24,24,94,16.44,-0.18293,0.18293,0.71646,16.44
-21,26,107,16.45,-0.16006,0.19817,0.81555,16.45
-12,36,110,16.46,-0.091463,0.27439,0.83841,16.46
-27,34,96,16.47,-0.20579,0.25915,0.73171,16.47
-34,31,99,16.48,-0.25915,0.23628,0.75457,16.48
-31,28,101,16.49,-0.23628,0.21341,0.76982,16.49
-34,31,99,16.5,-0.25915,0.23628,0.75457,16.5
-21,27,98,16.51,-0.16006,0.20579,0.74695,16.51
-35,34,97,16.52,-0.26677,0.25915,0.73933,16.52
-29,25,97,16.53,-0.22104,0.19055,0.73933,16.53
-24,24,101,16.54,-0.18293,0.18293,0.76982,16.54
-33,28,99,16.55,-0.25152,0.21341,0.75457,16.55
-42,33,97,16.56,-0.32012,0.25152,0.73933,16.56
-33,30,104,16.57,-0.25152,0.22866,0.79268,16.57
-24,27,94,16.58,-0.18293,0.20579,0.71646,16.58
-19,27,93,16.59,-0.14482,0.20579,0.70884,16.59
-21,29,108,16.6,-0.16006,0.22104,0.82317,16.6
-29,36,103,16.61,-0.22104,0.27439,0.78506,16.61
-30,33,93,16.62,-0.22866,0.25152,0.70884,16.62
-26,26,101,16.63,-0.19817,0.19817,0.76982,16.63
-29,35,102,16.64,-0.22104,0.26677,0.77744,16.64
-28,27,108,16.65,-0.21341,0.20579,0.82317,16.65
-23,29,104,16.66,-0.1753,0.22104,0.79268,16.66
-23,28,111,16.67,-0.1753,0.21341,0.84604,16.67
-28,29,101,16.68,-0.21341,0.22104,0.76982,16.68
-27,30,100,16.69,-0.20579,0.22866,0.7622,16.69
-33,35,103,16.7,-0.25152,0.26677,0.78506,16.7
-28,45,101,16.71,-0.21341,0.34299,0.76982,16.71
-23,35,111,16.72,-0.1753,0.26677,0.84604,16.72
-30,27,94,16.73,-0.22866,0.20579,0.71646,16.73
-35,29,94,16.74,-0.26677,0.22104,0.71646,16.74
-45,24,102,16.75,-0.34299,0.18293,0.77744,16.75
-43,35,98,16.76,-0.32774,0.26677,0.74695,16.76
-27,42,98,16.77,-0.20579,0.32012,0.74695,16.77
-27,32,94,16.78,-0.20579,0.2439,0.71646,16.78
-30,26,105,16.79,-0.22866,0.19817,0.8003,16.79
-24,30,101,16.8,-0.18293,0.22866,0.76982,16.8
-37,20,100,16.81,-0.28201,0.15244,0.7622,16.81
-34,37,101,16.82,-0.25915,0.28201,0.76982,16.82
-29,34,101,16.83,-0.22104,0.25915,0.76982,16.83
-19,34,106,16.84,-0.14482,0.25915,0.80793,16.84
-16,32,95,16.85,-0.12195,0.2439,0.72409,16.85
-28,26,89,16.86,-0.21341,0.19817,0.67835,16.86
-30,18,91,16.87,-0.22866,0.1372,0.6936,16.87
-37,31,101,16.88,-0.28201,0.23628,0.76982,16.88
-46,28,96,16.89,-0.35061,0.21341,0.73171,16.89
-30,37,95,16.9,-0.22866,0.28201,0.72409,16.9
-26,34,100,16.91,-0.19817,0.25915,0.7622,16.91
-11,34,102,16.92,-0.083841,0.25915,0.77744,16.92
-19,32,91,16.93,-0.14482,0.2439,0.6936,16.93
-41,33,101,16.94,-0.3125,0.25152,0.76982,16.94
-34,28,94,16.95,-0.25915,0.21341,0.71646,16.95
-46,25,100,16.96,-0.35061,0.19055,0.7622,16.96
-42,26,108,16.97,-0.32012,0.19817,0.82317,16.97
-36,19,98,16.98,-0.27439,0.14482,0.74695,16.98
-32,34,99,16.99,-0.2439,0.25915,0.75457,16.99
-30,31,95,17,-0.22866,0.23628,0.72409,17
-34,29,95,17.01,-0.25915,0.22104,0.72409,17.01
-35,28,90,17.02,-0.26677,0.21341,0.68598,17.02
-37,27,87,17.03,-0.28201,0.20579,0.66311,17.03
-31,33,87,17.04,-0.23628,0.25152,0.66311,17.04
-27,31,100,17.05,-0.20579,0.23628,0.7622,17.05
-19,38,108,17.06,-0.14482,0.28963,0.82317,17.06
-25,21,97,17.07,-0.19055,0.16006,0.73933,17.07
-21,30,101,17.08,-0.16006,0.22866,0.76982,17.08
-24,40,96,17.09,-0.18293,0.30488,0.73171,17.09
-16,30,105,17.1,-0.12195,0.22866,0.8003,17.1
-22,45,106,17.11,-0.16768,0.34299,0.80793,17.11
-40,34,93,17.12,-0.30488,0.25915,0.70884,17.12
-31,32,104,17.13,-0.23628,0.2439,0.79268,17.13
-19,48,106,17.14,-0.14482,0.36585,0.80793,17.14
-32,38,101,17.15,-0.2439,0.28963,0.76982,17.15
-32,27,97,17.16,-0.2439,0.20579,0.73933,17.16
-37,33,98,17.17,-0.28201,0.25152,0.74695,17.17
-39,27,108,17.18,-0.29726,0.20579,0.82317,17.18
-28,25,98,17.19,-0.21341,0.19055,0.74695,17.19
-24,32,95,17.2,-0.18293,0.2439,0.72409,17.2
-35,28,101,17.21,-0.26677,0.21341,0.76982,17.21
-31,34,105,17.22,-0.23628,0.25915,0.8003,17.22
-27,41,94,17.23,-0.20579,0.3125,0.71646,17.23
-26,38,96,17.24,-0.19817,0.28963,0.73171,17.24
-32,43,95,17.25,-0.2439,0.32774,0.72409,17.25
-34,21,96,17.26,-0.25915,0.16006,0.73171,17.26
-35,28,106,17.27,-0.26677,0.21341,0.80793,17.27
-34,32,102,17.28,-0.25915,0.2439,0.77744,17.28
-30,29,105,17.29,-0.22866,0.22104,0.8003,17.29
-33,36,107,17.3,-0.25152,0.27439,0.81555,17.3
-36,31,104,17.31,-0.27439,0.23628,0.79268,17.31
-28,29,100,17.32,-0.21341,0.22104,0.7622,17.32
-29,28,93,17.33,-0.22104,0.21341,0.70884,17.33
-14,39,101,17.34,-0.10671,0.29726,0.76982,17.34
-29,27,96,17.35,-0.22104,0.20579,0.73171,17.35
-33,30,100,17.36,-0.25152,0.22866,0.7622,17.36
-32,34,100,17.37,-0.2439,0.25915,0.7622,17.37
-31,27,98,17.38,-0.23628,0.20579,0.74695,17.38
-24,37,109,17.39,-0.18293,0.28201,0.83079,17.39
-24,29,98,17.4,-0.18293,0.22104,0.74695,17.4
-22,31,93,17.41,-0.16768,0.23628,0.70884,17.41
-20,39,94,17.42,-0.15244,0.29726,0.71646,17.42
-26,35,106,17.43,-0.19817,0.26677,0.80793,17.43
-43,29,91,17.44,-0.32774,0.22104,0.6936,17.44
-42,40,94,17.45,-0.32012,0.30488,0.71646,17.45
-32,39,97,17.46,-0.2439,0.29726,0.73933,17.46
-36,31,98,17.47,-0.27439,0.23628,0.74695,17.47
-30,31,106,17.48,-0.22866,0.23628,0.80793,17.48
-25,38,99,17.49,-0.19055,0.28963,0.75457,17.49
-27,33,89,17.5,-0.20579,0.25152,0.67835,17.5
-27,35,98,17.51,-0.20579,0.26677,0.74695,17.51
-26,39,101,17.52,-0.19817,0.29726,0.76982,17.52
-33,34,99,17.53,-0.25152,0.25915,0.75457,17.53
-39,29,101,17.54,-0.29726,0.22104,0.76982,17.54
-34,31,94,17.55,-0.25915,0.23628,0.71646,17.55
-19,32,105,17.56,-0.14482,0.2439,0.8003,17.56
-29,33,102,17.57,-0.22104,0.25152,0.77744,17.57
-30,26,103,17.58,-0.22866,0.19817,0.78506,17.58
-34,31,92,17.59,-0.25915,0.23628,0.70122,17.59
-38,27,101,17.6,-0.28963,0.20579,0.76982,17.6
-27,18,99,17.61,-0.20579,0.1372,0.75457,17.61
-33,24,101,17.62,-0.25152,0.18293,0.76982,17.62
-35,27,97,17.63,-0.26677,0.20579,0.73933,17.63
-35,36,104,17.64,-0.26677,0.27439,0.79268,17.64
-28,36,96,17.65,-0.21341,0.27439,0.73171,17.65
-46,35,104,17.66,-0.35061,0.26677,0.79268,17.66
-42,32,106,17.67,-0.32012,0.2439,0.80793,17.67
-9,37,112,17.68,-0.068598,0.28201,0.85366,17.68
-24,38,97,17.69,-0.18293,0.28963,0.73933,17.69
-27,27,95,17.7,-0.20579,0.20579,0.72409,17.7
-29,37,86,17.71,-0.22104,0.28201,0.65549,17.71
-24,33,99,17.72,-0.18293,0.25152,0.75457,17.72
-35,33,103,17.73,-0.26677,0.25152,0.78506,17.73
-25,40,99,17.74,-0.19055,0.30488,0.75457,17.74
-26,30,88,17.75,-0.19817,0.22866,0.67073,17.75
-30,31,95,17.76,-0.22866,0.23628,0.72409,17.76
-13,30,104,17.77,-0.099085,0.22866,0.79268,17.77
-28,19,91,17.78,-0.21341,0.14482,0.6936,17.78
-32,34,105,17.79,-0.2439,0.25915,0.8003,17.79
-21,38,96,17.8,-0.16006,0.28963,0.73171,17.8
-23,26,96,17.81,-0.1753,0.19817,0.73171,17.81
-28,28,98,17.82,-0.21341,0.21341,0.74695,17.82
-35,37,91,17.83,-0.26677,0.28201,0.6936,17.83
-26,28,92,17.84,-0.19817,0.21341,0.70122,17.84
-29,28,102,17.85,-0.22104,0.21341,0.77744,17.85
-32,26,107,17.86,-0.2439,0.19817,0.81555,17.86
-36,34,92,17.87,-0.27439,0.25915,0.70122,17.87
-31,33,96,17.88,-0.23628,0.25152,0.73171,17.88
-29,30,99,17.89,-0.22104,0.22866,0.75457,17.89
-26,39,89,17.9,-0.19817,0.29726,0.67835,17.9
-38,31,97,17.91,-0.28963,0.23628,0.73933,17.91
-27,36,103,17.92,-0.20579,0.27439,0.78506,17.92
-20,42,103,17.93,-0.15244,0.32012,0.78506,17.93
-38,35,93,17.94,-0.28963,0.26677,0.70884,17.94
-23,30,95,17.95,-0.1753,0.22866,0.72409,17.95
-26,30,104,17.96,-0.19817,0.22866,0.79268,17.96
-42,30,101,17.97,-0.32012,0.22866,0.76982,17.97
-40,37,90,17.98,-0.30488,0.28201,0.68598,17.98
-34,20,100,17.99,-0.25915,0.15244,0.7622,17.99
-34,27,110,18,-0.25915,0.20579,0.83841,18
-34,33,96,18.01,-0.25915,0.25152,0.73171,18.01
-27,25,90,18.02,-0.20579,0.19055,0.68598,18.02
-30,35,96,18.03,-0.22866,0.26677,0.73171,18.03
-42,37,91,18.04,-0.32012,0.28201,0.6936,18.04
-34,32,96,18.05,-0.25915,0.2439,0.73171,18.05
-20,31,99,18.06,-0.15244,0.23628,0.75457,18.06
-27,22,103,18.07,-0.20579,0.16768,0.78506,18.07
-26,31,98,18.08,-0.19817,0.23628,0.74695,18.08
-36,33,102,18.09,-0.27439,0.25152,0.77744,18.09
-26,38,100,18.1,-0.19817,0.28963,0.7622,18.1
-29,39,105,18.11,-0.22104,0.29726,0.8003,18.11
-29,24,110,18.12,-0.22104,0.18293,0.83841,18.12
-21,22,99,18.13,-0.16006,0.16768,0.75457,18.13
-15,42,92,18.14,-0.11433,0.32012,0.70122,18.14
-44,39,97,18.15,-0.33537,0.29726,0.73933,18.15
-32,29,99,18.16,-0.2439,0.22104,0.75457,18.16
-27,37,103,18.17,-0.20579,0.28201,0.78506,18.17
-14,35,108,18.18,-0.10671,0.26677,0.82317,18.18
-25,36,105,18.19,-0.19055,0.27439,0.8003,18.19
-24,29,95,18.2,-0.18293,0.22104,0.72409,18.2
-35,33,86,18.21,-0.26677,0.25152,0.65549,18.21
-39,23,97,18.22,-0.29726,0.1753,0.73933,18.22
-27,23,104,18.23,-0.20579,0.1753,0.79268,18.23
-18,41,88,18.24,-0.1372,0.3125,0.67073,18.24
-29,29,101,18.25,-0.22104,0.22104,0.76982,18.25
-24,29,104,18.26,-0.18293,0.22104,0.79268,18.26
-31,24,95,18.27,-0.23628,0.18293,0.72409,18.27
-25,31,109,18.28,-0.19055,0.23628,0.83079,18.28
-22,36,110,18.29,-0.16768,0.27439,0.83841,18.29
-26,45,95,18.3,-0.19817,0.34299,0.72409,18.3
-26,27,94,18.31,-0.19817,0.20579,0.71646,18.31
-28,28,103,18.32,-0.21341,0.21341,0.78506,18.32
-34,27,102,18.33,-0.25915,0.20579,0.77744,18.33
-31,29,101,18.34,-0.23628,0.22104,0.76982,18.34
-28,31,102,18.35,-0.21341,0.23628,0.77744,18.35
-21,34,112,18.36,-0.16006,0.25915,0.85366,18.36
-28,34,98,18.37,-0.21341,0.25915,0.74695,18.37
-34,24,93,18.38,-0.25915,0.18293,0.70884,18.38
-28,17,102,18.39,-0.21341,0.12957,0.77744,18.39
-20,28,93,18.4,-0.15244,0.21341,0.70884,18.4
-27,32,102,18.41,-0.20579,0.2439,0.77744,18.41
-31,27,97,18.42,-0.23628,0.20579,0.73933,18.42
-31,32,95,18.43,-0.23628,0.2439,0.72409,18.43
-34,36,94,18.44,-0.25915,0.27439,0.71646,18.44
-32,30,93,18.45,-0.2439,0.22866,0.70884,18.45
-24,26,101,18.46,-0.18293,0.19817,0.76982,18.46
-30,29,105,18.47,-0.22866,0.22104,0.8003,18.47
-31,34,107,18.48,-0.23628,0.25915,0.81555,18.48
-28,28,95,18.49,-0.21341,0.21341,0.72409,18.49
-28,35,99,18.5,-0.21341,0.26677,0.75457,18.5
-32,34,102,18.51,-0.2439,0.25915,0.77744,18.51
-35,28,106,18.52,-0.26677,0.21341,0.80793,18.52
-37,34,109,18.53,-0.28201,0.25915,0.83079,18.53
-28,28,99,18.54,-0.21341,0.21341,0.75457,18.54
-29,31,92,18.55,-0.22104,0.23628,0.70122,18.55
-23,28,96,18.56,-0.1753,0.21341,0.73171,18.56
-21,27,102,18.57,-0.16006,0.20579,0.77744,18.57
-24,25,108,18.58,-0.18293,0.19055,0.82317,18.58
-32,29,99,18.59,-0.2439,0.22104,0.75457,18.59
-29,31,112,18.6,-0.22104,0.23628,0.85366,18.6
-32,31,100,18.61,-0.2439,0.23628,0.7622,18.61
-16,26,99,18.62,-0.12195,0.19817,0.75457,18.62
-23,31,97,18.63,-0.1753,0.23628,0.73933,18.63
-28,35,103,18.64,-0.21341,0.26677,0.78506,18.64
-30,26,102,18.65,-0.22866,0.19817,0.77744,18.65
-38,32,103,18.66,-0.28963,0.2439,0.78506,18.66
-34,35,100,18.67,-0.25915,0.26677,0.7622,18.67
-28,36,98,18.68,-0.21341,0.27439,0.74695,18.68
-29,19,93,18.69,-0.22104,0.14482,0.70884,18.69
-36,27,99,18.7,-0.27439,0.20579,0.75457,18.7
-30,33,88,18.71,-0.22866,0.25152,0.67073,18.71
-25,24,91,18.72,-0.19055,0.18293,0.6936,18.72
-31,27,109,18.73,-0.23628,0.20579,0.83079,18.73
-33,37,105,18.74,-0.25152,0.28201,0.8003,18.74
-34,32,104,18.75,-0.25915,0.2439,0.79268,18.75
-32,27,101,18.76,-0.2439,0.20579,0.76982,18.76
-37,29,99,18.77,-0.28201,0.22104,0.75457,18.77
-36,36,107,18.78,-0.27439,0.27439,0.81555,18.78
-30,35,99,18.79,-0.22866,0.26677,0.75457,18.79
-43,25,87,18.8,-0.32774,0.19055,0.66311,18.8
-31,31,95,18.81,-0.23628,0.23628,0.72409,18.81
-31,31,96,18.82,-0.23628,0.23628,0.73171,18.82
-36,20,99,18.83,-0.27439,0.15244,0.75457,18.83
-28,27,92,18.84,-0.21341,0.20579,0.70122,18.84
-24,41,100,18.85,-0.18293,0.3125,0.7622,18.85
-27,34,104,18.86,-0.20579,0.25915,0.79268,18.86
-26,23,108,18.87,-0.19817,0.1753,0.82317,18.87
-28,25,91,18.88,-0.21341,0.19055,0.6936,18.88
-28,32,89,18.89,-0.21341,0.2439,0.67835,18.89
-37,34,101,18.9,-0.28201,0.25915,0.76982,18.9
-38,36,98,18.91,-0.28963,0.27439,0.74695,18.91
-21,31,98,18.92,-0.16006,0.23628,0.74695,18.92
-25,36,100,18.93,-0.19055,0.27439,0.7622,18.93
-27,29,101,18.94,-0.20579,0.22104,0.76982,18.94
-29,37,99,18.95,-0.22104,0.28201,0.75457,18.95
-30,38,94,18.96,-0.22866,0.28963,0.71646,18.96
-22,33,96,18.97,-0.16768,0.25152,0.73171,18.97
-18,35,103,18.98,-0.1372,0.26677,0.78506,18.98
-29,30,105,18.99,-0.22104,0.22866,0.8003,18.99
-42,30,96,19,-0.32012,0.22866,0.73171,19
-30,37,95,19.01,-0.22866,0.28201,0.72409,19.01
-24,22,99,19.02,-0.18293,0.16768,0.75457,19.02
-25,21,96,19.03,-0.19055,0.16006,0.73171,19.03
-17,36,99,19.04,-0.12957,0.27439,0.75457,19.04
-24,44,105,19.05,-0.18293,0.33537,0.8003,19.05
-20,28,103,19.06,-0.15244,0.21341,0.78506,19.06
-31,22,96,19.07,-0.23628,0.16768,0.73171,19.07
-44,36,93,19.08,-0.33537,0.27439,0.70884,19.08
-31,31,93,19.09,-0.23628,0.23628,0.70884,19.09
-36,29,106,19.1,-0.27439,0.22104,0.80793,19.1
-30,32,100,19.11,-0.22866,0.2439,0.7622,19.11
-26,35,96,19.12,-0.19817,0.26677,0.73171,19.12
-26,28,97,19.13,-0.19817,0.21341,0.73933,19.13
-28,29,102,19.14,-0.21341,0.22104,0.77744,19.14
-31,27,103,19.15,-0.23628,0.20579,0.78506,19.15
-24,34,94,19.16,-0.18293,0.25915,0.71646,19.16
-17,36,109,19.17,-0.12957,0.27439,0.83079,19.17
-31,32,106,19.18,-0.23628,0.2439,0.80793,19.18
-38,39,104,19.19,-0.28963,0.29726,0.79268,19.19
-38,32,107,19.2,-0.28963,0.2439,0.81555,19.2
-30,28,95,19.21,-0.22866,0.21341,0.72409,19.21
-25,24,99,19.22,-0.19055,0.18293,0.75457,19.22
-33,35,106,19.23,-0.25152,0.26677,0.80793,19.23
-25,34,97,19.24,-0.19055,0.25915,0.73933,19.24
-18,30,86,19.25,-0.1372,0.22866,0.65549,19.25
-28,37,94,19.26,-0.21341,0.28201,0.71646,19.26
-28,39,102,19.27,-0.21341,0.29726,0.77744,19.27
-16,25,95,19.28,-0.12195,0.19055,0.72409,19.28
-14,29,97,19.29,-0.10671,0.22104,0.73933,19.29
-19,37,98,19.3,-0.14482,0.28201,0.74695,19.3
-29,30,96,19.31,-0.22104,0.22866,0.73171,19.31
-29,34,97,19.32,-0.22104,0.25915,0.73933,19.32
-32,28,90,19.33,-0.2439,0.21341,0.68598,19.33
-40,31,95,19.34,-0.30488,0.23628,0.72409,19.34
-38,36,99,19.35,-0.28963,0.27439,0.75457,19.35
-30,37,96,19.36,-0.22866,0.28201,0.73171,19.36
-26,38,94,19.37,-0.19817,0.28963,0.71646,19.37
-32,28,104,19.38,-0.2439,0.21341,0.79268,19.38
-30,32,100,19.39,-0.22866,0.2439,0.7622,19.39
-37,32,84,19.4,-0.28201,0.2439,0.64024,19.4
-26,31,92,19.41,-0.19817,0.23628,0.70122,19.41
-26,40,105,19.42,-0.19817,0.30488,0.8003,19.42
-40,32,93,19.43,-0.30488,0.2439,0.70884,19.43
-41,32,97,19.44,-0.3125,0.2439,0.73933,19.44
-20,33,99,19.45,-0.15244,0.25152,0.75457,19.45
-28,38,105,19.46,-0.21341,0.28963,0.8003,19.46
-38,30,103,19.47,-0.28963,0.22866,0.78506,19.47
-27,22,98,19.48,-0.20579,0.16768,0.74695,19.48
-17,14,97,19.49,-0.12957,0.10671,0.73933,19.49
-42,18,90,19.5,-0.32012,0.1372,0.68598,19.5
-32,32,99,19.51,-0.2439,0.2439,0.75457,19.51
-24,27,103,19.52,-0.18293,0.20579,0.78506,19.52
-30,41,97,19.53,-0.22866,0.3125,0.73933,19.53
-41,35,90,19.54,-0.3125,0.26677,0.68598,19.54
-32,36,94,19.55,-0.2439,0.27439,0.71646,19.55
-27,37,100,19.56,-0.20579,0.28201,0.7622,19.56
-17,26,98,19.57,-0.12957,0.19817,0.74695,19.57
-21,21,90,19.58,-0.16006,0.16006,0.68598,19.58
-12,32,94,19.59,-0.091463,0.2439,0.71646,19.59
-39,31,94,19.6,-0.29726,0.23628,0.71646,19.6
-42,24,98,19.61,-0.32012,0.18293,0.74695,19.61
-28,27,107,19.62,-0.21341,0.20579,0.81555,19.62
-23,38,105,19.63,-0.1753,0.28963,0.8003,19.63
-31,31,100,19.64,-0.23628,0.23628,0.7622,19.64
-23,30,110,19.65,-0.1753,0.22866,0.83841,19.65
-25,28,98,19.66,-0.19055,0.21341,0.74695,19.66
-46,31,93,19.67,-0.35061,0.23628,0.70884,19.67
-37,49,103,19.68,-0.28201,0.37348,0.78506,19.68
-31,34,105,19.69,-0.23628,0.25915,0.8003,19.69
-40,23,94,19.7,-0.30488,0.1753,0.71646,19.7
-40,29,95,19.71,-0.30488,0.22104,0.72409,19.71
-39,23,101,19.72,-0.29726,0.1753,0.76982,19.72
-32,27,92,19.73,-0.2439,0.20579,0.70122,19.73
-29,33,93,19.74,-0.22104,0.25152,0.70884,19.74
-18,35,97,19.75,-0.1372,0.26677,0.73933,19.75
-21,23,99,19.76,-0.16006,0.1753,0.75457,19.76
-31,31,99,19.77,-0.23628,0.23628,0.75457,19.77
-46,28,106,19.78,-0.35061,0.21341,0.80793,19.78
-40,28,96,19.79,-0.30488,0.21341,0.73171,19.79
-10,39,98,19.8,-0.07622,0.29726,0.74695,19.8
-18,42,102,19.81,-0.1372,0.32012,0.77744,19.81
-30,37,93,19.82,-0.22866,0.28201,0.70884,19.82
-37,31,97,19.83,-0.28201,0.23628,0.73933,19.83
-37,23,95,19.84,-0.28201,0.1753,0.72409,19.84
-37,31,100,19.85,-0.28201,0.23628,0.7622,19.85
-40,30,96,19.86,-0.30488,0.22866,0.73171,19.86
-37,27,92,19.87,-0.28201,0.20579,0.70122,19.87
-52,22,100,19.88,-0.39634,0.16768,0.7622,19.88
-52,15,93,19.89,-0.39634,0.11433,0.70884,19.89
-59,14,93,19.9,-0.4497,0.10671,0.70884,19.9
-58,12,101,19.91,-0.44207,0.091463,0.76982,19.91
-69,10,95,19.92,-0.52591,0.07622,0.72409,19.92
-78,19,99,19.93,-0.59451,0.14482,0.75457,19.93
-51,26,100,19.94,-0.38872,0.19817,0.7622,19.94
-29,29,111,19.95,-0.22104,0.22104,0.84604,19.95
-18,37,102,19.96,-0.1372,0.28201,0.77744,19.96
-31,32,100,19.97,-0.23628,0.2439,0.7622,19.97
-33,34,89,19.98,-0.25152,0.25915,0.67835,19.98
-35,35,93,19.99,-0.26677,0.26677,0.70884,19.99
-20,27,104,20,-0.15244,0.20579,0.79268,20
-14,27,105,20.01,-0.10671,0.20579,0.8003,20.01
-29,25,95,20.02,-0.22104,0.19055,0.72409,20.02
-34,33,89,20.03,-0.25915,0.25152,0.67835,20.03
-34,35,99,20.04,-0.25915,0.26677,0.75457,20.04
-35,34,92,20.05,-0.26677,0.25915,0.70122,20.05
-22,35,100,20.06,-0.16768,0.26677,0.7622,20.06
-27,38,97,20.07,-0.20579,0.28963,0.73933,20.07
-43,41,94,20.08,-0.32774,0.3125,0.71646,20.08
-28,27,95,20.09,-0.21341,0.20579,0.72409,20.09
-8,30,96,20.1,-0.060976,0.22866,0.73171,20.1
-20,24,96,20.11,-0.15244,0.18293,0.73171,20.11
-44,33,97,20.12,-0.33537,0.25152,0.73933,20.12
-33,32,102,20.13,-0.25152,0.2439,0.77744,20.13
-18,20,103,20.14,-0.1372,0.15244,0.78506,20.14
-29,25,103,20.15,-0.22104,0.19055,0.78506,20.15
-30,34,105,20.16,-0.22866,0.25915,0.8003,20.16
-26,33,94,20.17,-0.19817,0.25152,0.71646,20.17
-29,24,89,20.18,-0.22104,0.18293,0.67835,20.18
-42,27,98,20.19,-0.32012,0.20579,0.74695,20.19
-41,32,90,20.2,-0.3125,0.2439,0.68598,20.2
-38,28,100,20.21,-0.28963,0.21341,0.7622,20.21
-22,30,93,20.22,-0.16768,0.22866,0.70884,20.22
-35,27,90,20.23,-0.26677,0.20579,0.68598,20.23
-30,28,106,20.24,-0.22866,0.21341,0.80793,20.24
-27,27,106,20.25,-0.20579,0.20579,0.80793,20.25
-24,31,104,20.26,-0.18293,0.23628,0.79268,20.26
-27,30,102,20.27,-0.20579,0.22866,0.77744,20.27
-38,37,98,20.28,-0.28963,0.28201,0.74695,20.28
-40,28,100,20.29,-0.30488,0.21341,0.7622,20.29
-31,27,99,20.3,-0.23628,0.20579,0.75457,20.3
-25,32,92,20.31,-0.19055,0.2439,0.70122,20.31
-35,36,97,20.32,-0.26677,0.27439,0.73933,20.32
-32,27,104,20.33,-0.2439,0.20579,0.79268,20.33
-27,30,112,20.34,-0.20579,0.22866,0.85366,20.34
-29,20,99,20.35,-0.22104,0.15244,0.75457,20.35
-38,28,94,20.36,-0.28963,0.21341,0.71646,20.36
-32,34,100,20.37,-0.2439,0.25915,0.7622,20.37
-28,30,97,20.38,-0.21341,0.22866,0.73933,20.38
-21,31,102,20.39,-0.16006,0.23628,0.77744,20.39
-17,29,95,20.4,-0.12957,0.22104,0.72409,20.4
-37,38,98,20.41,-0.28201,0.28963,0.74695,20.41
-27,37,114,20.42,-0.20579,0.28201,0.8689,20.42
-32,28,104,20.43,-0.2439,0.21341,0.79268,20.43
-35,36,91,20.44,-0.26677,0.27439,0.6936,20.44
-12,24,99,20.45,-0.091463,0.18293,0.75457,20.45
-17,11,99,20.46,-0.12957,0.083841,0.75457,20.46
-35,30,95,20.47,-0.26677,0.22866,0.72409,20.47
-31,33,98,20.48,-0.23628,0.25152,0.74695,20.48
-18,40,106,20.49,-0.1372,0.30488,0.80793,20.49
-21,34,103,20.5,-0.16006,0.25915,0.78506,20.5
-24,28,98,20.51,-0.18293,0.21341,0.74695,20.51
-32,27,98,20.52,-0.2439,0.20579,0.74695,20.52
-23,32,96,20.53,-0.1753,0.2439,0.73171,20.53
-20,37,92,20.54,-0.15244,0.28201,0.70122,20.54
-27,31,89,20.55,-0.20579,0.23628,0.67835,20.55
-34,34,100,20.56,-0.25915,0.25915,0.7622,20.56
-32,33,106,20.57,-0.2439,0.25152,0.80793,20.57
-27,42,100,20.58,-0.20579,0.32012,0.7622,20.58
-34,30,104,20.59,-0.25915,0.22866,0.79268,20.59
-35,32,102,20.6,-0.26677,0.2439,0.77744,20.6
-22,31,102,20.61,-0.16768,0.23628,0.77744,20.61
-17,19,100,20.62,-0.12957,0.14482,0.7622,20.62
-28,32,102,20.63,-0.21341,0.2439,0.77744,20.63
-25,39,105,20.64,-0.19055,0.29726,0.8003,20.64
-30,35,100,20.65,-0.22866,0.26677,0.7622,20.65
-31,38,106,20.66,-0.23628,0.28963,0.80793,20.66
-30,28,96,20.67,-0.22866,0.21341,0.73171,20.67
-26,29,98,20.68,-0.19817,0.22104,0.74695,20.68
-23,41,102,20.69,-0.1753,0.3125,0.77744,20.69
-14,37,101,20.7,-0.10671,0.28201,0.76982,20.7
-5,42,94,20.71,-0.03811,0.32012,0.71646,20.71
-18,29,94,20.72,-0.1372,0.22104,0.71646,20.72
-24,30,103,20.73,-0.18293,0.22866,0.78506,20.73
-31,31,104,20.74,-0.23628,0.23628,0.79268,20.74
-35,20,100,20.75,-0.26677,0.15244,0.7622,20.75
-33,19,94,20.76,-0.25152,0.14482,0.71646,20.76
-27,31,97,20.77,-0.20579,0.23628,0.73933,20.77
-29,42,89,20.78,-0.22104,0.32012,0.67835,20.78
-30,29,91,20.79,-0.22866,0.22104,0.6936,20.79
-31,34,93,20.8,-0.23628,0.25915,0.70884,20.8
-28,37,93,20.81,-0.21341,0.28201,0.70884,20.81
-31,27,99,20.82,-0.23628,0.20579,0.75457,20.82
-47,34,113,20.83,-0.35823,0.25915,0.86128,20.83
-29,38,111,20.84,-0.22104,0.28963,0.84604,20.84
-19,28,99,20.85,-0.14482,0.21341,0.75457,20.85
-22,28,102,20.86,-0.16768,0.21341,0.77744,20.86
-31,35,96,20.87,-0.23628,0.26677,0.73171,20.87
-42,35,98,20.88,-0.32012,0.26677,0.74695,20.88
-33,36,94,20.89,-0.25152,0.27439,0.71646,20.89
-18,35,98,20.9,-0.1372,0.26677,0.74695,20.9
-17,29,94,20.91,-0.12957,0.22104,0.71646,20.91
-21,36,99,20.92,-0.16006,0.27439,0.75457,20.92
-28,40,101,20.93,-0.21341,0.30488,0.76982,20.93
-30,35,96,20.94,-0.22866,0.26677,0.73171,20.94
-27,23,97,20.95,-0.20579,0.1753,0.73933,20.95
-28,26,106,20.96,-0.21341,0.19817,0.80793,20.96
-24,34,98,20.97,-0.18293,0.25915,0.74695,20.97
-25,29,98,20.98,-0.19055,0.22104,0.74695,20.98
-33,24,105,20.99,-0.25152,0.18293,0.8003,20.99
-27,31,94,21,-0.20579,0.23628,0.71646,21
-38,39,109,21.01,-0.28963,0.29726,0.83079,21.01
-33,30,105,21.02,-0.25152,0.22866,0.8003,21.02
-29,33,96,21.03,-0.22104,0.25152,0.73171,21.03
-36,37,106,21.04,-0.27439,0.28201,0.80793,21.04
-33,27,106,21.05,-0.25152,0.20579,0.80793,21.05
-31,33,99,21.06,-0.23628,0.25152,0.75457,21.06
-28,36,95,21.07,-0.21341,0.27439,0.72409,21.07
-40,37,93,21.08,-0.30488,0.28201,0.70884,21.08
-37,32,97,21.09,-0.28201,0.2439,0.73933,21.09
-39,19,96,21.1,-0.29726,0.14482,0.73171,21.1
-52,32,99,21.11,-0.39634,0.2439,0.75457,21.11
